date,equipment_id,temperature,vibration,pressure,downtime_hours,maintenance_type,maintenance_cost,failure_occurred,technician,remarks
05-12-2024,1011,95.49,1.95,3.7,5.81,Preventive,516,0,Alice,Emergency fix
08-08-2025,1003,77.78,2.2,0.14,0.12,Preventive,947,1,David,Adjusted settings
22-05-2025,1001,75.58,2.2,5.83,5.35,Corrective,238,1,Charlie,Routine check
09-12-2024,1006,82.7,2.26,3.34,0.1,Corrective,346,0,Bob,Emergency fix
04-11-2024,1018,66.71,1.47,5.99,1.59,Corrective,247,0,Alice,Replaced part
01-03-2025,1010,76.63,1.63,5.96,4.42,Preventive,329,0,Charlie,Emergency fix
14-09-2024,1005,67.83,2.74,5.43,0.61,Corrective,891,0,Charlie,Emergency fix
05-12-2024,1010,90.59,1.89,8.75,1.28,Corrective,736,0,Bob,Routine check
24-12-2024,1012,64.41,2.15,4.79,0.78,Preventive,803,0,Charlie,Adjusted settings
27-03-2025,1002,75.63,2.53,4.57,6.08,Preventive,473,0,Charlie,Emergency fix
21-07-2025,1013,78.29,2.23,6.03,3.47,Corrective,179,0,Charlie,Routine check
20-11-2024,1008,78.95,2.27,4.92,2.47,Corrective,705,0,Charlie,Routine check
02-12-2024,1002,69.19,2.45,6.74,1.77,Preventive,837,1,Bob,Adjusted settings
19-08-2025,1001,66.04,0.94,3.1,3.44,Preventive,164,0,Charlie,Routine check
23-01-2025,1005,69.33,1.76,3.12,1,Preventive,187,1,Charlie,Adjusted settings
02-01-2025,1009,80.28,2.23,6.15,1.19,Corrective,187,0,Charlie,Replaced part
21-01-2025,1017,73.56,2.69,3.25,2.62,Preventive,812,0,Alice,Emergency fix
29-06-2025,1009,82.96,2.03,5.91,0.89,Preventive,825,0,Bob,Routine check
09-05-2025,1011,79.77,1.58,5.56,0.13,Corrective,303,0,Alice,Replaced part
03-08-2025,1015,52.23,1.59,3.96,0.15,Preventive,481,0,Alice,Routine check
14-06-2025,1006,77.47,2.44,5.55,0.25,Corrective,700,0,Bob,Routine check
04-03-2025,1003,97.5,1.89,3.15,4.08,Corrective,575,1,Alice,Replaced part
28-05-2025,1017,88.25,2,3.5,1.28,Preventive,672,0,Alice,Routine check
01-02-2025,1005,79.22,2.31,4.64,2.5,Corrective,882,0,Alice,Routine check
04-07-2025,1012,64.41,0.55,5.12,1,Corrective,705,1,Bob,Replaced part
15-09-2024,1018,79.78,3,4.54,0.6,Preventive,918,0,Charlie,Routine check
04-05-2025,1014,82.4,1.63,5.65,0.85,Preventive,638,0,David,Adjusted settings
17-04-2025,1011,72.46,2.12,5.58,3.16,Preventive,313,0,David,Routine check
04-08-2025,1009,78.17,1.15,7.29,1.96,Preventive,173,1,Bob,Emergency fix
12-10-2024,1002,90.1,1.79,4.86,5.55,Corrective,160,0,David,Routine check
22-10-2024,1012,66.43,2.62,6.79,2.28,Preventive,797,0,Bob,Emergency fix
10-02-2025,1003,64.42,1.04,6.38,1.69,Preventive,642,0,Bob,Emergency fix
28-02-2025,1003,81.93,2.56,8.44,1.88,Preventive,318,1,David,Routine check
22-05-2025,1001,79.58,1.86,4.81,5.71,Preventive,111,0,Alice,Replaced part
02-03-2025,1008,85.29,2.24,4.37,3.1,Preventive,913,1,Charlie,Adjusted settings
15-02-2025,1008,80.7,2.33,6.89,0.05,Preventive,514,0,David,Adjusted settings
14-10-2024,1011,69.32,2.22,5.58,1.53,Preventive,131,0,David,Routine check
23-08-2025,1009,79.32,1.57,6.92,2.33,Corrective,259,0,David,Replaced part
18-10-2024,1005,63.58,1.82,6.08,2.76,Preventive,336,0,David,Replaced part
25-04-2025,1014,72.5,1.27,1.84,0.48,Corrective,838,1,Bob,Adjusted settings
10-07-2025,1003,80.03,2.25,5.56,4.04,Corrective,280,0,Bob,Replaced part
02-01-2025,1005,71.39,2.85,5.47,6.24,Corrective,928,0,Charlie,Routine check
27-06-2025,1005,99.68,1.09,5.2,0.54,Preventive,657,0,Charlie,Routine check
06-01-2025,1019,56.08,1.62,4.8,4.28,Preventive,440,0,David,Replaced part
14-09-2024,1014,69.53,1.91,2.61,0.2,Preventive,557,0,David,Routine check
19-07-2025,1004,65.62,2.09,6.31,0.11,Preventive,179,0,David,Emergency fix
07-02-2025,1013,68,2.44,5.56,0.28,Preventive,746,0,Charlie,Adjusted settings
25-05-2025,1010,68.57,1.92,6.65,0.12,Corrective,871,0,David,Routine check
21-11-2024,1018,61.74,1.84,2.69,3.73,Corrective,919,0,Alice,Replaced part
06-07-2025,1008,82.53,2.55,5.76,0.12,Preventive,858,0,Charlie,Adjusted settings
07-09-2024,1008,69.53,2.33,4.65,0.63,Preventive,572,0,Alice,Routine check
23-04-2025,1007,76.64,2.27,5.22,0.22,Preventive,770,0,David,Adjusted settings
16-05-2025,1008,70.65,2.06,4.67,0.7,Preventive,814,0,Bob,Replaced part
05-08-2025,1014,68.09,2.49,5.82,0.19,Corrective,211,1,Alice,Emergency fix
16-10-2024,1019,91.72,1.67,4.76,2.21,Preventive,391,0,Charlie,Emergency fix
30-07-2025,1006,84.23,1.6,3.42,0.29,Preventive,921,1,Alice,Routine check
24-11-2024,1001,56.32,2.37,5.13,3.82,Preventive,730,1,Charlie,Emergency fix
15-05-2025,1015,55.26,1.19,4.68,3.4,Corrective,482,0,David,Routine check
28-09-2024,1001,85.43,2.05,4.87,0.03,Preventive,116,0,Alice,Adjusted settings
18-03-2025,1017,69.8,1.84,0.22,4.52,Preventive,592,1,Bob,Routine check
13-11-2024,1001,58.51,1.3,6.02,0.06,Corrective,430,0,Alice,Routine check
13-10-2024,1015,85.46,1.53,4.53,0.55,Preventive,838,0,Bob,Routine check
19-08-2025,1002,76.69,1.95,2.98,0.07,Preventive,972,0,Charlie,Emergency fix
26-08-2024,1014,77.52,2.52,6.38,0.82,Preventive,585,0,David,Routine check
17-10-2024,1008,83.1,1.67,5.95,1.44,Preventive,505,0,David,Replaced part
08-12-2024,1008,61.9,2.61,4.51,3.19,Preventive,216,0,Bob,Routine check
11-05-2025,1019,58.68,2.03,3.27,0.82,Preventive,654,0,Charlie,Adjusted settings
30-06-2025,1007,90.81,2.66,5.27,2.44,Corrective,979,0,David,Replaced part
03-03-2025,1019,60.63,1.7,5.18,0.42,Corrective,214,0,Charlie,Adjusted settings
30-03-2025,1006,62.78,1.98,6.39,2.78,Corrective,894,0,Bob,Adjusted settings
07-10-2024,1006,64.78,2.18,4.33,0.54,Preventive,648,0,Bob,Adjusted settings
02-02-2025,1003,95.8,1.91,6.79,0.31,Preventive,913,1,Alice,Replaced part
14-03-2025,1007,79.93,2.48,4.19,0.41,Preventive,724,0,David,Replaced part
21-05-2025,1019,84.65,0.9,2.98,0.4,Preventive,646,0,David,Emergency fix
10-08-2025,1008,76.96,3.21,3.3,1.44,Preventive,743,0,Alice,Replaced part
24-06-2025,1010,68.98,2.43,4.91,3.73,Preventive,435,0,Bob,Routine check
22-05-2025,1015,81.31,1.91,4.9,0.17,Corrective,435,0,Bob,Adjusted settings
27-03-2025,1015,59.43,1.72,5.49,2.45,Preventive,988,1,Bob,Emergency fix
03-05-2025,1001,64.05,1.57,4.86,2.12,Preventive,839,0,Bob,Replaced part
02-03-2025,1007,82.33,2.32,6.47,4.12,Preventive,246,1,Charlie,Adjusted settings
16-06-2025,1004,61.43,2.5,4.61,0.56,Preventive,221,0,David,Replaced part
25-03-2025,1006,73.11,1.92,2.01,1.2,Preventive,180,0,David,Emergency fix
20-03-2025,1001,73.56,2.55,4.82,5.2,Corrective,784,0,Bob,Replaced part
18-04-2025,1005,69.71,1.55,1.99,2.16,Preventive,765,1,Bob,Replaced part
28-07-2025,1001,55.49,1.46,5.41,0.98,Preventive,761,0,Bob,Adjusted settings
16-10-2024,1004,68.71,2.91,6.59,0.28,Preventive,474,0,David,Routine check
31-05-2025,1002,66.75,2.3,3.52,0.61,Preventive,669,1,David,Replaced part
29-03-2025,1010,76.61,2.7,7.13,1.74,Preventive,162,0,Bob,Emergency fix
03-05-2025,1005,76.1,1.57,6.26,2.53,Preventive,603,0,Charlie,Replaced part
28-02-2025,1010,78.78,1.54,6.81,0.27,Preventive,767,1,Alice,Replaced part
04-10-2024,1001,68.24,1.82,5.28,1.83,Preventive,548,0,Alice,Routine check
28-01-2025,1006,80.23,1.59,3.51,1.6,Preventive,527,0,Alice,Adjusted settings
08-09-2024,1013,59.44,2.35,6.17,1.44,Preventive,967,0,David,Emergency fix
21-06-2025,1015,56.78,1.62,4.06,2.34,Preventive,526,0,David,Adjusted settings
28-10-2024,1004,51.64,1.41,5.18,3.63,Preventive,520,0,Alice,Adjusted settings
04-08-2025,1013,70.01,2.07,4.74,0.78,Corrective,421,0,Alice,Adjusted settings
17-07-2025,1015,67.47,1.36,6.69,4.4,Preventive,779,0,Charlie,Replaced part
02-09-2024,1008,82.89,1.1,6.1,0.35,Corrective,265,0,David,Routine check
03-08-2025,1005,68.51,2.07,4.88,0.38,Preventive,696,1,David,Replaced part
31-12-2024,1015,77.73,1.13,2.07,0.62,Corrective,748,1,Alice,Emergency fix
07-01-2025,1004,83.13,2.39,4.05,0.25,Corrective,560,0,Charlie,Routine check
26-10-2024,1012,68.14,1.3,6.06,0.52,Corrective,558,0,Charlie,Adjusted settings
10-01-2025,1013,77.98,0.88,5.42,0.23,Corrective,288,1,Alice,Routine check
13-11-2024,1002,85.02,1.85,2.75,3.45,Corrective,563,0,Alice,Emergency fix
03-02-2025,1019,62.62,2.07,2.29,0.3,Preventive,478,0,David,Replaced part
09-06-2025,1019,75.25,2.25,5.29,2.75,Preventive,101,1,Alice,Replaced part
12-05-2025,1004,68.18,2.09,3.41,0.1,Preventive,717,0,Bob,Adjusted settings
12-04-2025,1004,63.26,1.47,3.56,5.93,Preventive,463,0,Charlie,Replaced part
04-10-2024,1011,59.64,2.36,6.01,2.48,Corrective,171,0,Alice,Replaced part
21-09-2024,1005,63.09,2.48,6.8,0.01,Preventive,526,0,Bob,Emergency fix
06-01-2025,1011,75.6,1.4,3.87,2.89,Corrective,737,0,Charlie,Routine check
13-03-2025,1010,58.89,1.91,4.93,1.44,Corrective,269,0,Bob,Replaced part
18-07-2025,1008,69.49,1.86,4.89,3.02,Preventive,304,0,Bob,Emergency fix
19-05-2025,1006,83.13,2.11,4.75,1.48,Corrective,924,0,Alice,Emergency fix
26-09-2024,1006,79.49,1.9,5.06,2.05,Preventive,436,0,Charlie,Adjusted settings
11-10-2024,1008,69.69,1.97,6.13,3.09,Corrective,571,0,Bob,Emergency fix
25-10-2024,1015,91.9,2.32,3.99,1.04,Preventive,294,0,David,Adjusted settings
28-03-2025,1014,93.93,1.44,2.71,0.01,Preventive,769,0,Charlie,Replaced part
13-06-2025,1011,75.26,2.37,7.54,3.79,Corrective,752,1,David,Adjusted settings
01-12-2024,1012,50.31,2.57,6.63,0.96,Preventive,374,0,Alice,Emergency fix
12-02-2025,1013,83.86,2.82,3.34,1.37,Corrective,106,0,David,Routine check
19-08-2025,1008,52.06,0.93,5.2,0.02,Preventive,665,0,Charlie,Routine check
26-03-2025,1018,89.76,1.91,6.52,1.35,Corrective,715,0,Bob,Replaced part
28-09-2024,1001,85.84,1.02,6.12,8.61,Preventive,953,0,Bob,Replaced part
08-04-2025,1015,92.74,0.78,5.69,0.65,Preventive,949,0,Charlie,Routine check
03-12-2024,1008,77.6,2.07,4.74,1.01,Corrective,672,0,Bob,Adjusted settings
02-01-2025,1011,71.39,1.8,7.59,2.32,Preventive,698,0,David,Replaced part
08-05-2025,1012,70.5,2.15,5.33,3.37,Preventive,869,1,Bob,Emergency fix
29-08-2024,1012,69.54,2.24,4.23,1.08,Preventive,277,0,Bob,Replaced part
30-03-2025,1004,84.81,2.62,6.31,0.74,Preventive,341,0,David,Adjusted settings
06-05-2025,1016,82.12,2.03,5.14,5.56,Corrective,302,0,David,Replaced part
18-08-2025,1004,76.2,3.46,5.52,2.26,Preventive,642,0,David,Emergency fix
03-06-2025,1005,67.78,2.15,5.3,0.25,Corrective,900,1,Alice,Emergency fix
19-03-2025,1005,101.29,2.92,5.75,0.14,Corrective,561,0,David,Emergency fix
08-09-2024,1008,84.12,0.83,3.53,1.32,Preventive,179,0,David,Adjusted settings
05-08-2025,1010,59.02,2.67,2.82,0.5,Preventive,622,0,Alice,Adjusted settings
05-10-2024,1017,69.84,1.91,7.15,0.59,Preventive,516,0,Bob,Emergency fix
19-02-2025,1009,84.32,1.03,5.37,4.2,Corrective,865,0,David,Emergency fix
26-10-2024,1019,67,2.21,6.16,0.19,Preventive,483,0,Charlie,Adjusted settings
11-08-2025,1014,78.52,1.85,2.36,2.51,Corrective,490,1,David,Adjusted settings
12-04-2025,1008,84.51,2.29,6.6,0.63,Corrective,995,0,David,Adjusted settings
22-04-2025,1009,41.12,2.51,4.22,2.86,Corrective,898,0,Alice,Routine check
15-10-2024,1011,73.92,1.26,3.79,2.56,Preventive,787,0,Charlie,Adjusted settings
28-11-2024,1001,74.31,2.51,4.9,0.01,Preventive,225,0,Bob,Emergency fix
03-04-2025,1014,70.88,2,3.53,1.42,Corrective,593,0,Bob,Routine check
12-04-2025,1005,78.02,2.68,5,0.3,Preventive,146,0,Charlie,Adjusted settings
18-04-2025,1014,81.58,1.9,4.8,4.02,Corrective,817,0,David,Emergency fix
14-01-2025,1004,76.42,1.76,6.59,4.1,Preventive,575,0,Alice,Replaced part
11-02-2025,1001,71.26,2.01,7.27,1.08,Preventive,718,1,Charlie,Routine check
22-09-2024,1019,81.33,2.05,7.22,1.18,Preventive,563,0,Charlie,Emergency fix
29-09-2024,1008,75.49,1.67,1.6,0.72,Preventive,886,1,Bob,Replaced part
06-09-2024,1015,72.69,1.75,3.6,2.52,Preventive,948,1,Alice,Emergency fix
31-01-2025,1015,61.88,1.39,1.59,0.89,Preventive,222,0,Charlie,Adjusted settings
17-07-2025,1009,59.37,1.78,3.21,0.62,Preventive,573,0,Alice,Adjusted settings
27-02-2025,1009,61.69,2.34,4.03,1.13,Preventive,233,0,David,Replaced part
24-04-2025,1010,77.78,1.93,5.62,0.19,Corrective,718,1,Bob,Adjusted settings
18-11-2024,1009,74.21,2.5,4.22,2.75,Corrective,916,0,David,Emergency fix
04-06-2025,1003,60.2,1.91,4.26,0.03,Preventive,940,0,Alice,Replaced part
29-10-2024,1011,81.46,1.28,5.27,2.07,Preventive,661,1,David,Emergency fix
10-02-2025,1006,88.74,2.3,2.44,0.4,Corrective,948,0,Bob,Emergency fix
08-10-2024,1002,69.02,1.66,3.74,0.53,Preventive,706,0,Alice,Emergency fix
25-10-2024,1007,57.59,1.88,4.24,2.02,Preventive,879,0,Charlie,Adjusted settings
05-01-2025,1018,67.91,2.62,4.7,9.91,Preventive,122,0,David,Adjusted settings
04-06-2025,1002,83.54,1.42,5.12,3.01,Preventive,665,0,Bob,Emergency fix
21-09-2024,1017,80.49,2.08,7.25,0.51,Preventive,985,0,Charlie,Routine check
10-12-2024,1011,65.78,1.98,6.36,0.39,Preventive,865,0,Bob,Emergency fix
07-10-2024,1012,90.21,2.35,3.85,4.02,Preventive,334,1,Alice,Emergency fix
30-07-2025,1019,88.48,2.43,4.61,1.17,Preventive,158,0,Alice,Replaced part
06-06-2025,1007,67.67,2.13,4.51,0.29,Preventive,263,1,David,Emergency fix
21-07-2025,1006,67.57,1.82,4.23,3.96,Preventive,870,1,Bob,Adjusted settings
30-12-2024,1001,69.07,2.24,5.41,3.39,Corrective,925,0,Bob,Replaced part
07-08-2025,1017,69.93,2.67,2.21,8.26,Preventive,315,0,Bob,Routine check
12-04-2025,1011,84.51,1.99,6.32,4.81,Preventive,282,0,Alice,Replaced part
02-03-2025,1018,79.25,1.87,7.54,3.82,Corrective,668,0,David,Routine check
06-04-2025,1017,83.77,2.19,4.6,0.11,Corrective,756,0,Bob,Replaced part
03-06-2025,1007,81.74,2.02,4.57,0.22,Preventive,189,0,Bob,Replaced part
23-12-2024,1017,92.15,1.33,5.24,1.68,Preventive,410,0,Charlie,Routine check
18-12-2024,1009,64.41,2.12,6.53,1.52,Corrective,656,1,Bob,Adjusted settings
14-04-2025,1017,78.8,1.33,4.51,1.22,Corrective,356,0,David,Adjusted settings
10-05-2025,1008,53.26,2.19,6.4,1.01,Corrective,632,0,Charlie,Adjusted settings
18-08-2025,1017,61.83,1.6,5.73,1.13,Preventive,632,0,Charlie,Replaced part
10-03-2025,1007,74.25,2.02,8.54,1.68,Corrective,151,1,Charlie,Emergency fix
08-01-2025,1001,79.18,2.2,4.51,0,Corrective,437,0,Alice,Replaced part
08-07-2025,1013,73.98,3.23,2.04,0.6,Preventive,270,1,Charlie,Emergency fix
05-02-2025,1019,69.33,2.37,2.85,1.46,Preventive,166,0,Bob,Emergency fix
06-04-2025,1019,71.11,2.68,5.02,2.56,Preventive,724,0,Alice,Adjusted settings
27-06-2025,1017,88.69,2.94,6.54,0.38,Corrective,399,0,Alice,Emergency fix
15-04-2025,1013,71.16,2.24,4.02,1.58,Preventive,771,0,Alice,Replaced part
12-02-2025,1016,92.49,2.14,4.65,2.51,Preventive,877,0,Alice,Replaced part
23-01-2025,1008,82.94,1.47,6.03,1.18,Preventive,931,0,Alice,Adjusted settings
05-07-2025,1019,79.58,1.94,3.55,0.05,Preventive,331,0,Alice,Routine check
31-01-2025,1018,63.06,1.64,4.08,1.19,Preventive,936,1,Alice,Replaced part
28-11-2024,1001,84.35,1.8,3.25,0.7,Corrective,167,0,Charlie,Emergency fix
14-04-2025,1014,70.06,2.94,6.77,5.31,Preventive,605,1,David,Replaced part
20-02-2025,1019,63.06,2.06,7.31,0.27,Corrective,127,0,Bob,Replaced part
15-12-2024,1015,80.13,1.56,2.63,2.11,Preventive,727,0,Bob,Replaced part
08-07-2025,1018,61.12,2.69,4.79,0.11,Corrective,150,0,Charlie,Routine check
15-10-2024,1002,67.38,2.48,7.11,1.18,Corrective,792,0,Charlie,Emergency fix
19-05-2025,1017,74.9,2.5,5.6,1.61,Preventive,359,0,Alice,Adjusted settings
15-06-2025,1018,97.18,1,4.27,0.71,Corrective,690,0,David,Replaced part
15-12-2024,1006,68.13,2.97,2.68,1.21,Preventive,884,0,Alice,Emergency fix
03-12-2024,1019,70.42,1.72,6.73,0.36,Corrective,719,0,Charlie,Emergency fix
15-12-2024,1004,82.32,2.39,5.54,0.73,Corrective,685,0,Alice,Adjusted settings
13-11-2024,1001,62.62,3.26,2.79,1.94,Preventive,786,1,Bob,Replaced part
27-02-2025,1008,79.43,3.08,6.78,0.72,Preventive,283,0,Bob,Routine check
15-12-2024,1007,87.06,1.51,2.6,4.6,Preventive,122,0,Alice,Emergency fix
26-08-2024,1003,71.93,1.28,4.67,1.98,Corrective,885,0,David,Adjusted settings
01-01-2025,1010,85.26,2.72,4.6,1.15,Preventive,228,0,Alice,Routine check
01-04-2025,1010,77.91,2.07,7.43,0.08,Preventive,390,0,Alice,Emergency fix
17-10-2024,1019,67.69,1.75,4.61,1.38,Preventive,931,0,David,Replaced part
02-08-2025,1014,73.02,2.31,4.6,2.89,Preventive,600,0,David,Emergency fix
05-04-2025,1002,71.2,1.92,2.96,0.62,Preventive,285,0,David,Routine check
06-04-2025,1001,74.12,2.35,4.04,3.29,Preventive,578,0,Bob,Routine check
28-12-2024,1018,76.53,2.03,3.77,0.58,Preventive,670,0,Alice,Replaced part
01-01-2025,1007,80.88,2.36,3.85,3.47,Preventive,591,0,Charlie,Replaced part
16-10-2024,1008,80.09,1.55,5.01,0.18,Preventive,612,1,David,Adjusted settings
12-02-2025,1001,50.68,2.71,1.35,4.02,Corrective,742,0,David,Replaced part
30-03-2025,1003,74.03,2.35,2.73,1.38,Corrective,166,0,Alice,Adjusted settings
31-01-2025,1008,59.91,2.32,4.83,0.7,Preventive,904,1,Charlie,Routine check
10-03-2025,1015,72.24,1.44,5.18,0.62,Corrective,566,1,Alice,Routine check
28-04-2025,1005,73.76,2.85,4.65,1.13,Corrective,384,0,Alice,Emergency fix
14-07-2025,1003,84.76,1.99,4.94,13.92,Corrective,700,0,David,Emergency fix
15-03-2025,1019,74.7,2.36,4.39,0.5,Corrective,516,1,David,Adjusted settings
24-02-2025,1001,77.59,1.84,4.97,0.22,Preventive,199,0,Bob,Replaced part
25-12-2024,1015,82.93,2.13,5.65,1.76,Preventive,288,1,Charlie,Replaced part
06-05-2025,1008,87.28,2.15,5.64,1.34,Preventive,989,0,Charlie,Emergency fix
14-06-2025,1002,73.77,0.59,3.97,1.49,Corrective,957,0,David,Routine check
31-05-2025,1003,75.94,2.29,6.37,2.2,Preventive,487,0,David,Adjusted settings
15-07-2025,1014,75.1,2.98,5.24,0.62,Preventive,340,0,David,Routine check
30-11-2024,1014,69.57,2.27,6.85,4.83,Preventive,881,1,Charlie,Routine check
10-03-2025,1011,67.31,1.52,7.15,1.14,Preventive,830,1,Bob,Replaced part
21-04-2025,1016,52.28,2.32,2.84,0.28,Corrective,516,0,Charlie,Adjusted settings
15-01-2025,1004,64.23,2.53,3.71,2.71,Preventive,275,0,David,Routine check
29-11-2024,1005,57.21,2.26,6.22,2.06,Preventive,486,1,David,Emergency fix
13-03-2025,1014,87.55,1.96,2.5,0.76,Preventive,570,0,Bob,Emergency fix
26-12-2024,1016,76.88,1.88,7.13,1.94,Preventive,952,0,Alice,Replaced part
27-02-2025,1018,73.74,1.88,4.48,0.5,Corrective,332,0,Alice,Emergency fix
16-07-2025,1007,67.83,2.35,5.86,1.18,Preventive,762,0,Charlie,Emergency fix
08-08-2025,1010,75.3,1.3,4.83,4.59,Preventive,551,0,Alice,Routine check
10-05-2025,1007,66.52,1.81,2.91,0.29,Corrective,376,0,Alice,Emergency fix
19-01-2025,1001,76.74,2.8,6.58,0.98,Preventive,328,0,Charlie,Emergency fix
03-05-2025,1019,77.46,2.82,9.13,3.44,Corrective,270,1,David,Routine check
05-08-2025,1016,66.39,1.26,4.23,6.98,Corrective,834,0,Alice,Replaced part
18-01-2025,1019,66.2,1.43,4.52,1.21,Corrective,312,0,David,Replaced part
19-01-2025,1004,84.62,1.86,1.03,1.41,Corrective,381,0,Charlie,Adjusted settings
11-08-2025,1018,74.47,2.45,7.03,1.7,Preventive,140,0,David,Emergency fix
11-03-2025,1002,67.19,1.09,6.37,5.39,Corrective,221,0,David,Routine check
28-06-2025,1001,71.29,1.97,2.4,3.91,Corrective,326,0,Charlie,Adjusted settings
30-12-2024,1015,64.89,1.76,1.9,0.37,Preventive,393,0,David,Replaced part
02-10-2024,1005,74.33,2.66,2.08,1.15,Preventive,699,0,Alice,Replaced part
28-07-2025,1011,83.32,1.16,5.97,1.25,Preventive,366,0,Alice,Routine check
19-08-2025,1010,74.72,2.05,6.12,3.11,Preventive,640,0,Alice,Adjusted settings
31-12-2024,1002,98.64,1.8,3.61,1.85,Preventive,858,0,Alice,Adjusted settings
18-05-2025,1003,79.21,2.73,5.75,2.12,Corrective,927,0,David,Routine check
22-01-2025,1012,77.3,2.3,5.24,12.64,Preventive,550,0,Alice,Routine check
18-06-2025,1005,65.92,1.71,4.45,0.16,Corrective,548,0,David,Adjusted settings
01-12-2024,1005,72.61,2.43,6.46,0.5,Preventive,855,1,Bob,Replaced part
14-05-2025,1006,67.21,1.81,3.19,1.05,Corrective,160,1,David,Emergency fix
03-05-2025,1009,53.34,2.5,6.72,0.85,Preventive,601,0,Alice,Replaced part
15-01-2025,1002,84.74,1.88,3.91,0.04,Preventive,246,0,Bob,Routine check
05-08-2025,1012,69.89,2.53,7.67,0.19,Preventive,785,0,Charlie,Adjusted settings
14-12-2024,1003,67.4,2.22,3.49,2.28,Corrective,889,1,David,Adjusted settings
23-10-2024,1012,77.11,3.63,4.47,4.23,Preventive,433,0,Alice,Emergency fix
26-08-2024,1017,80.12,1.97,5.09,1.44,Preventive,980,0,Alice,Adjusted settings
24-06-2025,1010,71.79,2.19,5.08,1.55,Preventive,990,0,Alice,Emergency fix
05-05-2025,1014,74.97,1.76,5.74,0.59,Corrective,241,0,Charlie,Replaced part
11-01-2025,1017,82.46,2,3.07,2.92,Corrective,143,1,Bob,Replaced part
30-09-2024,1018,71.4,0.65,4.94,2.79,Preventive,243,0,Bob,Adjusted settings
31-01-2025,1019,78.02,2.23,5.21,1.78,Preventive,964,0,Alice,Adjusted settings
02-09-2024,1017,58.41,2.67,4.21,0.48,Preventive,432,0,David,Routine check
14-04-2025,1014,62.59,2.2,5.61,0.2,Preventive,596,0,Alice,Routine check
01-12-2024,1009,81.06,1.34,2.98,0.13,Preventive,495,0,Alice,Adjusted settings
18-01-2025,1008,62.06,1.6,4.51,1.8,Preventive,154,0,David,Adjusted settings
24-06-2025,1002,77.34,0.78,3.87,3.49,Preventive,406,1,Alice,Replaced part
20-03-2025,1013,73.53,2.49,4.51,3.91,Corrective,969,0,Charlie,Adjusted settings
02-01-2025,1007,71.36,1.5,7.17,1.25,Preventive,522,0,Alice,Routine check
23-01-2025,1009,66.72,1.99,7.2,3.07,Corrective,516,1,Charlie,Replaced part
17-10-2024,1011,84.09,1.92,6.91,5.87,Corrective,772,0,Alice,Emergency fix
22-12-2024,1014,92.3,2.74,4.31,0.64,Corrective,896,0,Bob,Routine check
01-02-2025,1004,78,2.04,6.36,1.01,Corrective,424,0,David,Routine check
18-12-2024,1013,78.22,2.4,5.17,5.36,Preventive,809,1,Bob,Replaced part
07-11-2024,1002,68.18,2.27,5.07,0.83,Preventive,770,0,Alice,Emergency fix
15-12-2024,1005,63.04,2.68,4.88,4.9,Preventive,179,1,Alice,Routine check
06-12-2024,1011,74.6,1.88,7.64,7.93,Corrective,130,0,Charlie,Adjusted settings
30-07-2025,1006,65.26,2.93,7.05,2.17,Preventive,211,0,Alice,Routine check
05-05-2025,1018,57.27,1.01,6.12,3.4,Corrective,657,0,Alice,Replaced part
08-04-2025,1010,83.03,2.43,4.74,2.77,Preventive,964,0,Alice,Replaced part
14-12-2024,1004,83.52,1.57,5.06,2.4,Preventive,816,0,Bob,Replaced part
01-12-2024,1009,66.41,1.75,5.8,0.73,Preventive,663,0,Charlie,Routine check
24-01-2025,1006,77.44,2.28,4.22,0.12,Preventive,749,1,Bob,Emergency fix
08-08-2025,1002,85.02,2.28,6.41,0.84,Preventive,571,0,Charlie,Adjusted settings
28-07-2025,1017,77.05,2.3,3.62,2.2,Corrective,173,0,Bob,Replaced part
06-03-2025,1005,63.07,1.31,5.59,0.22,Preventive,652,0,Alice,Emergency fix
30-06-2025,1006,72.67,2.72,1.57,0.02,Preventive,578,0,Bob,Adjusted settings
03-02-2025,1012,88.27,1.55,4.17,0.3,Corrective,688,0,Bob,Replaced part
20-03-2025,1010,77.47,1.62,8.12,2.52,Preventive,486,0,Charlie,Adjusted settings
09-02-2025,1006,80.39,2.32,6.55,7.21,Preventive,798,0,Charlie,Adjusted settings
01-02-2025,1008,78.42,1.86,7.3,8.16,Preventive,981,0,Bob,Emergency fix
31-10-2024,1002,66.44,2.15,4,1.36,Corrective,663,0,Charlie,Adjusted settings
09-06-2025,1012,68.79,0.92,5.16,4.07,Corrective,532,1,Charlie,Replaced part
28-05-2025,1013,78.39,2.14,6.92,2.67,Preventive,511,1,Charlie,Emergency fix
24-06-2025,1007,83.17,2.11,5.95,1.39,Corrective,566,0,David,Routine check
06-01-2025,1010,86,1.75,5.76,1.7,Preventive,698,0,Charlie,Routine check
07-03-2025,1013,66.42,0.96,7.45,0.3,Preventive,720,0,David,Emergency fix
30-12-2024,1017,79.33,1.89,3.44,5.55,Preventive,836,0,David,Routine check
26-09-2024,1014,86.87,1.98,4.72,0.87,Preventive,347,0,Charlie,Adjusted settings
16-02-2025,1002,65.13,1.82,2.37,1.18,Preventive,680,0,Bob,Replaced part
15-09-2024,1011,89.87,1.08,3.36,2.23,Corrective,219,0,Charlie,Adjusted settings
19-04-2025,1001,91.39,2.8,6.61,0.81,Corrective,166,0,Alice,Emergency fix
29-01-2025,1019,101.25,1.68,3.62,0.59,Preventive,672,0,Bob,Replaced part
01-10-2024,1004,77.31,1.89,6.1,1.99,Preventive,426,0,David,Emergency fix
11-04-2025,1019,77.36,0.8,7.49,0.05,Preventive,802,0,David,Emergency fix
24-08-2025,1011,83.27,2.8,4.73,2.55,Preventive,569,1,Bob,Emergency fix
14-10-2024,1008,82.98,1.77,5.78,1.44,Preventive,592,0,Bob,Adjusted settings
15-05-2025,1011,86.26,2.05,6.11,1.86,Corrective,800,0,Charlie,Replaced part
03-06-2025,1004,82.84,2.56,3.17,2,Corrective,762,0,David,Replaced part
20-09-2024,1017,73.94,1.66,4.08,1.5,Corrective,385,1,Alice,Replaced part
07-04-2025,1007,87.22,2.48,3.49,1.75,Preventive,707,0,Charlie,Adjusted settings
28-05-2025,1008,64.29,0.97,4.19,2.3,Preventive,411,0,Bob,Routine check
06-06-2025,1003,75.06,2.28,6.07,2.8,Preventive,408,1,David,Adjusted settings
29-11-2024,1002,90.64,2.79,4.11,2.6,Preventive,874,0,Bob,Adjusted settings
04-06-2025,1015,62.5,1.71,4.95,4.07,Preventive,196,0,Bob,Emergency fix
07-07-2025,1005,68.23,2.56,3.44,0.42,Preventive,212,0,Bob,Replaced part
24-06-2025,1001,81.72,2.92,6.84,1.03,Corrective,736,0,Charlie,Replaced part
18-01-2025,1004,78.94,1.87,4.18,5.91,Preventive,555,0,Alice,Routine check
28-08-2024,1015,66.25,1.83,7.28,1.01,Preventive,562,0,Alice,Routine check
28-09-2024,1019,70.84,1.55,5.09,0.27,Corrective,231,0,David,Emergency fix
04-03-2025,1003,63.19,1.75,2.89,1.49,Preventive,220,0,Bob,Replaced part
12-10-2024,1011,84.8,1.59,4.74,0.23,Preventive,296,0,Alice,Routine check
10-09-2024,1017,72.44,1.55,3.41,0.45,Corrective,905,0,Bob,Routine check
12-02-2025,1013,92.92,2.6,5.88,12.78,Preventive,581,0,David,Replaced part
01-04-2025,1011,75.81,1.61,4.61,1.56,Preventive,733,1,Bob,Adjusted settings
29-01-2025,1002,72.8,2.13,5.24,0.67,Corrective,893,0,Alice,Routine check
09-10-2024,1009,71.83,2.02,4.45,10.51,Preventive,996,0,Bob,Replaced part
30-08-2024,1002,72.56,2.75,4.17,6.8,Corrective,871,0,Alice,Routine check
01-12-2024,1009,76.11,1.75,3.54,1.16,Preventive,138,0,David,Emergency fix
14-04-2025,1009,100.12,2.19,6.25,0.6,Corrective,665,0,Bob,Routine check
30-09-2024,1008,71.61,2.4,4.74,3.65,Preventive,611,0,Alice,Replaced part
31-05-2025,1017,71.94,2.74,4.53,2.51,Preventive,573,0,David,Routine check
08-08-2025,1001,75.66,1.74,4.7,2.32,Corrective,260,0,Bob,Emergency fix
22-06-2025,1011,85.9,1.69,3.98,4.47,Preventive,388,0,David,Emergency fix
21-02-2025,1008,60.79,1.47,4.53,2.34,Preventive,299,0,Alice,Routine check
27-11-2024,1010,79.55,3.12,5.31,0.67,Preventive,887,0,Bob,Routine check
01-12-2024,1007,66.83,2.69,3.45,2.37,Preventive,627,0,Bob,Emergency fix
28-02-2025,1003,80.53,1.98,3.67,0.73,Preventive,784,0,Bob,Emergency fix
18-12-2024,1003,70.06,2.97,7.07,2.85,Corrective,602,0,David,Adjusted settings
03-03-2025,1018,51.96,1.95,4.46,1.93,Corrective,347,0,David,Adjusted settings
04-05-2025,1005,78.7,2.36,4.17,0.16,Preventive,482,0,Alice,Emergency fix
01-02-2025,1012,78.61,2.01,2.98,1.44,Preventive,317,0,Charlie,Routine check
07-05-2025,1012,69.21,2.2,6.28,0.84,Corrective,186,1,Bob,Replaced part
13-07-2025,1019,68.62,2.15,3.42,0.8,Preventive,181,0,Bob,Routine check
30-12-2024,1006,61.89,1.79,4.98,1.84,Corrective,161,0,Alice,Routine check
11-09-2024,1002,82.73,2.55,2.44,0.78,Preventive,898,1,Bob,Adjusted settings
01-06-2025,1012,83.82,2.36,6.23,3,Corrective,599,0,David,Adjusted settings
04-04-2025,1019,66.21,2.51,6.77,0.15,Corrective,141,0,David,Adjusted settings
17-10-2024,1005,69.6,2.16,5.73,2.16,Preventive,111,0,Bob,Emergency fix
21-10-2024,1012,74.37,1.55,2.7,3.31,Corrective,932,0,Bob,Emergency fix
13-07-2025,1017,97.71,2.85,6.26,2.23,Preventive,845,0,David,Routine check
19-08-2025,1017,80.45,1.87,3.76,1.38,Corrective,940,0,Bob,Routine check
14-02-2025,1010,65.57,2.18,3.24,6,Preventive,742,0,David,Replaced part
31-05-2025,1017,78.04,2.32,4.42,0.71,Preventive,214,0,Charlie,Routine check
16-12-2024,1015,61.23,2.18,4.39,0.04,Corrective,317,0,Charlie,Routine check
08-06-2025,1012,82.18,2.46,4.24,1.13,Preventive,748,0,Bob,Adjusted settings
01-08-2025,1016,91.76,2.54,6.91,0.07,Preventive,205,0,Bob,Adjusted settings
22-01-2025,1019,91.8,1.89,8.02,6.16,Preventive,790,0,Bob,Adjusted settings
29-12-2024,1008,82.35,2.81,2.95,0.47,Preventive,627,0,David,Adjusted settings
26-01-2025,1017,69.17,1.87,3.97,3.11,Preventive,571,0,Charlie,Adjusted settings
24-05-2025,1005,61.99,2.17,5.21,2.98,Corrective,853,0,Charlie,Replaced part
06-12-2024,1016,61,1.81,4.42,0.49,Corrective,945,0,Alice,Replaced part
19-06-2025,1006,46.94,1.66,5.6,1.94,Preventive,992,0,Alice,Replaced part
27-04-2025,1008,81.94,2.52,6.37,0.1,Preventive,486,0,Bob,Adjusted settings
16-02-2025,1018,73.97,3.56,6.12,1.32,Corrective,325,0,David,Emergency fix
02-10-2024,1012,84.09,1.82,5.91,0.03,Preventive,580,0,Bob,Adjusted settings
10-02-2025,1015,89.28,2.61,7.49,5.08,Preventive,853,0,Charlie,Adjusted settings
28-04-2025,1009,76,1.84,2.62,7.47,Preventive,507,0,Bob,Replaced part
19-09-2024,1013,76.46,1.99,7.22,0.5,Corrective,556,0,Bob,Adjusted settings
14-08-2025,1015,70.36,2.88,4.38,0.47,Preventive,752,0,Charlie,Replaced part
26-06-2025,1010,71.54,1.46,6.18,2.8,Corrective,997,1,Charlie,Adjusted settings
06-09-2024,1016,82.28,1.33,3.46,0.58,Preventive,810,0,Charlie,Routine check
06-07-2025,1007,73.26,1.96,3.64,4.51,Preventive,723,1,Charlie,Emergency fix
03-07-2025,1017,71.81,2.33,5.99,1.71,Preventive,738,1,Alice,Emergency fix
29-09-2024,1007,74.82,2.23,2.11,0.86,Corrective,120,0,David,Replaced part
13-02-2025,1014,83.86,2.18,6.48,3.58,Corrective,758,0,David,Routine check
13-09-2024,1015,68.07,2.02,6.89,1.36,Preventive,700,0,Charlie,Emergency fix
11-07-2025,1007,74.33,2.39,5.27,4.85,Preventive,914,1,David,Replaced part
15-05-2025,1009,77.45,0.54,5.21,5.26,Corrective,302,0,David,Adjusted settings
13-01-2025,1019,86.6,1.62,3.75,0.36,Preventive,516,1,David,Adjusted settings
14-01-2025,1016,72.61,1.95,6.01,0,Corrective,515,0,David,Routine check
24-11-2024,1008,67.82,2.35,5.52,8.26,Corrective,547,0,Charlie,Emergency fix
13-08-2025,1018,70.16,2.74,3.62,4.73,Corrective,611,0,Bob,Adjusted settings
12-07-2025,1018,85.53,1.56,4.41,0.11,Corrective,184,0,Bob,Replaced part
08-06-2025,1007,95.33,2.73,4.76,3.58,Corrective,266,0,Bob,Adjusted settings
27-03-2025,1003,61.86,1.77,4.41,1.22,Preventive,483,0,Alice,Adjusted settings
01-08-2025,1018,64.05,1.94,2.96,0.6,Preventive,567,1,David,Emergency fix
14-10-2024,1010,73.31,2.29,6.05,4.22,Preventive,171,0,Charlie,Emergency fix
24-01-2025,1007,76.11,1.9,4.63,0.44,Corrective,909,0,Charlie,Replaced part
26-02-2025,1017,82.87,2.56,5.02,5.89,Corrective,620,0,Alice,Routine check
26-10-2024,1014,66.09,1.8,4.13,0.46,Corrective,892,0,Charlie,Routine check
02-03-2025,1003,64.37,1.81,5.71,1.9,Corrective,572,0,Bob,Adjusted settings
27-12-2024,1012,76.38,2.53,5.3,0.5,Preventive,357,0,Alice,Replaced part
21-01-2025,1013,72.42,1.62,6.82,1.58,Preventive,374,0,Charlie,Routine check
04-07-2025,1002,84.27,2.12,5.72,2.3,Corrective,849,0,Alice,Routine check
21-10-2024,1003,79.87,1.17,4.7,0.42,Corrective,119,0,Alice,Adjusted settings
01-08-2025,1005,80.55,2.91,3.89,1.47,Corrective,589,0,Charlie,Replaced part
25-06-2025,1011,73.96,2.6,6.3,1.27,Corrective,844,0,Bob,Routine check
20-02-2025,1008,98.56,3.38,4.58,0.15,Preventive,589,0,Charlie,Emergency fix
10-02-2025,1012,66.62,2.67,4.74,3.41,Corrective,832,0,David,Emergency fix
16-07-2025,1007,81.11,1.44,4.74,0.82,Preventive,425,0,David,Adjusted settings
22-05-2025,1015,62.3,2.33,4.4,1.71,Preventive,628,0,Charlie,Adjusted settings
17-10-2024,1017,64.27,1.54,4.77,1.45,Preventive,991,0,Bob,Adjusted settings
03-12-2024,1004,68.93,2.79,7.89,1.44,Preventive,188,1,David,Adjusted settings
15-05-2025,1013,91.29,1.45,3.43,0.23,Preventive,585,1,David,Routine check
16-10-2024,1018,77.64,1.43,3.78,1.1,Corrective,807,0,Charlie,Replaced part
23-10-2024,1001,69.1,1.2,7.08,1.2,Preventive,449,0,Charlie,Adjusted settings
10-12-2024,1016,78.74,1.76,4.44,2.65,Preventive,183,1,Charlie,Adjusted settings
29-08-2024,1013,75.35,1.66,4.32,3.67,Corrective,486,0,Alice,Routine check
05-12-2024,1010,70.08,1.37,6.55,1.57,Preventive,186,0,Alice,Adjusted settings
08-03-2025,1012,61.03,2.99,2.87,0.18,Preventive,406,0,Alice,Adjusted settings
13-05-2025,1002,89.39,2.26,6.23,0.54,Preventive,949,0,Charlie,Replaced part
24-08-2025,1003,77.1,2.21,5.07,0.36,Corrective,253,1,Bob,Emergency fix
09-08-2025,1010,96.74,2.79,5.7,0.27,Corrective,539,0,David,Adjusted settings
10-10-2024,1002,84.4,2.13,5.67,0.91,Preventive,839,0,Alice,Routine check
14-08-2025,1013,80.51,1.63,4.06,0.52,Corrective,363,0,Bob,Replaced part
01-07-2025,1013,70.65,1.15,6.58,0.49,Preventive,834,0,Charlie,Routine check
28-06-2025,1018,64.05,1.6,4.17,0.11,Preventive,520,1,Alice,Replaced part
15-01-2025,1003,72.82,2.75,5.61,0.04,Corrective,592,0,Charlie,Replaced part
20-05-2025,1007,63.76,1.37,6.86,0.22,Preventive,732,0,Bob,Adjusted settings
26-12-2024,1014,81.5,2.18,7.07,0.38,Preventive,510,0,Alice,Adjusted settings
08-12-2024,1017,91.33,2.52,4.6,1.13,Corrective,272,1,Alice,Adjusted settings
29-01-2025,1012,72.39,2.14,5.69,1.43,Preventive,103,0,Alice,Emergency fix
18-01-2025,1016,84.44,2.2,4.46,0.3,Preventive,953,0,Alice,Emergency fix
16-01-2025,1012,68.11,2.33,8.76,1.11,Preventive,739,0,Bob,Routine check
22-12-2024,1015,71.98,2.19,6.17,0.84,Preventive,571,0,Alice,Adjusted settings
09-07-2025,1010,66.85,2.8,5.13,0.41,Preventive,209,0,David,Emergency fix
26-05-2025,1007,53.67,1.48,5.47,0.01,Preventive,966,0,David,Adjusted settings
24-11-2024,1005,74.63,2.12,5.61,1.26,Preventive,136,0,Charlie,Emergency fix
21-10-2024,1001,76.28,1.09,5.66,2.31,Preventive,682,0,Alice,Emergency fix
05-08-2025,1017,85.66,0.96,4.64,0.51,Preventive,900,0,David,Replaced part
10-04-2025,1003,82.95,1.96,4.41,0.28,Preventive,130,0,David,Adjusted settings
19-12-2024,1013,83.09,2.27,4.77,4.36,Corrective,480,0,David,Adjusted settings
08-07-2025,1014,65.26,2.82,3.29,0.64,Preventive,367,0,Bob,Emergency fix
30-05-2025,1018,79.59,3.21,6.08,0.51,Preventive,110,0,Alice,Adjusted settings
29-12-2024,1004,90.83,2.66,3.8,3.89,Corrective,443,0,Bob,Emergency fix
31-12-2024,1018,78.8,2.36,3.41,3.4,Preventive,939,0,Bob,Adjusted settings
21-10-2024,1005,93.29,2.08,4.98,1.19,Corrective,643,0,David,Replaced part
24-12-2024,1016,95.19,1.23,4.8,1.34,Corrective,668,1,David,Adjusted settings
25-08-2024,1001,72.32,1.93,5.37,0.49,Preventive,265,0,Charlie,Replaced part
20-04-2025,1014,68.03,2.65,4.15,0.16,Preventive,799,1,Alice,Routine check
10-06-2025,1015,67.39,2.45,4.41,1.7,Corrective,441,0,Alice,Adjusted settings
28-11-2024,1009,59.84,1.36,6.04,0.21,Preventive,581,0,David,Adjusted settings
28-12-2024,1015,69.82,2.31,5.95,1.19,Preventive,118,0,David,Adjusted settings
20-12-2024,1017,87.08,2.26,5.88,5.64,Corrective,727,0,Alice,Replaced part
11-10-2024,1004,52.96,2.17,5.05,6.11,Preventive,283,0,Charlie,Adjusted settings
21-11-2024,1012,64.63,1.99,5.25,0.55,Preventive,881,0,David,Adjusted settings
18-04-2025,1005,73.73,2.33,5.35,1.96,Preventive,644,1,Charlie,Emergency fix
23-05-2025,1005,66.23,2.35,4.02,1.29,Preventive,109,0,Bob,Routine check
01-03-2025,1011,69.73,1.68,7.21,4.17,Preventive,691,1,David,Replaced part
04-03-2025,1006,69.88,2.23,7,0.63,Corrective,291,1,Bob,Emergency fix
01-11-2024,1007,72.42,1.91,6.19,0.01,Corrective,419,0,David,Replaced part
29-05-2025,1014,67.71,1.26,4.36,0.35,Preventive,801,0,Bob,Emergency fix
08-08-2025,1011,66.89,1.72,5.81,0.86,Preventive,679,0,David,Routine check
28-04-2025,1013,84.34,1.22,6.47,0.76,Corrective,574,1,Charlie,Emergency fix
08-11-2024,1002,85.5,2.49,3.17,3.13,Preventive,959,0,Charlie,Replaced part
25-01-2025,1007,61.19,2.18,7.54,2.28,Preventive,736,0,Charlie,Adjusted settings
15-01-2025,1004,47.4,1.82,2.39,0.71,Corrective,526,0,Bob,Adjusted settings
18-11-2024,1008,85.63,2.71,6.06,1.22,Corrective,947,1,Charlie,Routine check
25-02-2025,1019,62.71,2.03,7.18,0.2,Corrective,158,0,Bob,Replaced part
05-06-2025,1013,77.13,1.28,4.83,4.57,Preventive,535,0,David,Replaced part
01-04-2025,1014,59.34,1.78,4.77,5.48,Corrective,196,0,Bob,Replaced part
01-11-2024,1010,87.98,2.82,6,7.8,Preventive,595,1,David,Routine check
10-10-2024,1011,100.44,1.67,7.78,4.06,Preventive,886,0,Alice,Adjusted settings
26-11-2024,1002,76.83,2.14,4.58,0.38,Preventive,760,0,Alice,Emergency fix
19-04-2025,1009,74.06,2.37,3.83,0.09,Corrective,377,0,Alice,Routine check
16-03-2025,1017,71.78,2.29,4.36,1.73,Preventive,364,1,Bob,Emergency fix
30-03-2025,1003,82.82,3.22,2.67,4.87,Preventive,108,0,Alice,Adjusted settings
31-07-2025,1006,80.68,1.41,6.35,0.39,Preventive,556,1,Alice,Routine check
02-10-2024,1005,85.03,1.46,4.23,0.01,Preventive,894,0,Alice,Adjusted settings
02-12-2024,1005,68.72,1.42,4.69,3.27,Preventive,372,0,David,Emergency fix
09-06-2025,1015,78.4,1.85,6.36,0.16,Preventive,912,0,Charlie,Replaced part
05-05-2025,1017,69.58,2.55,4.43,1.07,Corrective,107,1,Bob,Replaced part
03-04-2025,1009,64.42,1.48,6.14,2.27,Corrective,307,0,Alice,Emergency fix
16-08-2025,1003,74.59,2.56,3.44,0.54,Corrective,736,1,David,Replaced part
16-09-2024,1017,65.77,2.02,6.44,0.18,Preventive,222,0,Charlie,Emergency fix
01-05-2025,1010,86.74,1.45,5.51,2.94,Corrective,132,0,Charlie,Routine check
03-09-2024,1003,66.38,1.12,4.87,1.99,Corrective,612,0,Charlie,Routine check
27-04-2025,1018,78.64,1.24,5.2,8.93,Preventive,303,0,David,Routine check
15-07-2025,1018,68.97,1.67,3.07,0.84,Corrective,617,0,Alice,Replaced part
02-12-2024,1017,77.77,1.92,5.16,0.13,Corrective,908,0,Charlie,Adjusted settings
10-06-2025,1003,69.76,2.67,4.79,2.65,Corrective,616,0,David,Replaced part
20-02-2025,1003,62.43,2.4,3.11,1.48,Preventive,542,1,David,Replaced part
04-04-2025,1006,79.84,1.58,3.99,0.48,Preventive,691,0,Bob,Adjusted settings
01-05-2025,1013,72.65,2.2,4.81,3.04,Corrective,885,0,David,Adjusted settings
18-01-2025,1015,77.86,2.83,4.09,0.46,Preventive,788,0,Charlie,Adjusted settings
28-11-2024,1009,70.71,2.94,1.38,0.6,Preventive,949,0,Charlie,Adjusted settings
08-05-2025,1004,61.72,1.84,6.61,0.19,Preventive,932,0,David,Replaced part
15-07-2025,1014,85.83,2.48,4.79,1.02,Preventive,438,0,Charlie,Emergency fix
28-08-2024,1005,82.37,2.69,1.59,1.09,Preventive,537,0,David,Routine check
09-09-2024,1002,69.33,1.25,8.2,1.45,Preventive,544,0,Charlie,Emergency fix
31-05-2025,1011,75.7,1.74,6.86,2.47,Corrective,235,0,Bob,Replaced part
26-07-2025,1009,85.42,3.11,4.48,4.73,Corrective,486,0,Alice,Adjusted settings
28-04-2025,1003,70.43,1.85,3.74,0.3,Corrective,124,0,Bob,Routine check
09-05-2025,1009,71.98,0.54,5.6,0.11,Preventive,605,0,Bob,Routine check
31-01-2025,1003,77.44,1.94,5.3,0.04,Preventive,424,0,Alice,Emergency fix
30-07-2025,1002,70.41,2.56,5.81,0.31,Preventive,794,0,Charlie,Replaced part
23-01-2025,1012,83.57,2,3.74,2.15,Corrective,779,0,Alice,Replaced part
18-02-2025,1010,73.31,2.36,6.65,2.6,Preventive,437,0,David,Replaced part
03-02-2025,1009,67.16,2.47,4.29,3.09,Preventive,789,0,Alice,Routine check
26-09-2024,1015,81.09,1.82,6.02,0.56,Preventive,984,0,Bob,Emergency fix
19-02-2025,1008,63.58,1.74,3.8,0.73,Preventive,194,0,Alice,Routine check
03-12-2024,1005,95.15,2.08,8.97,1.32,Preventive,644,0,Charlie,Routine check
19-05-2025,1011,90.82,2.09,6.04,0.13,Preventive,722,0,Bob,Adjusted settings
13-07-2025,1002,80.13,2.03,9.33,1.89,Preventive,245,0,David,Emergency fix
28-10-2024,1015,79.29,2.05,6.24,8.24,Preventive,992,1,Charlie,Adjusted settings
08-02-2025,1006,78.82,1.63,4.16,0.9,Corrective,330,0,Bob,Replaced part
20-07-2025,1008,70.11,2.38,6.24,2.8,Corrective,883,0,David,Routine check
06-10-2024,1005,77.97,2.3,6.35,1.39,Preventive,947,1,Charlie,Emergency fix
07-10-2024,1016,65.77,1.33,5.56,0.27,Corrective,594,0,David,Replaced part
05-06-2025,1018,80.04,1.81,5.95,1.75,Preventive,137,0,Alice,Emergency fix
05-09-2024,1006,83.68,2.05,6.14,0.71,Corrective,524,0,Alice,Routine check
27-11-2024,1005,71.22,1.73,3.51,0.07,Preventive,746,0,David,Emergency fix
22-06-2025,1016,69.05,2.32,3.4,2.02,Corrective,945,0,Alice,Replaced part
04-05-2025,1013,62.88,1.97,3.81,3.92,Corrective,846,1,David,Adjusted settings
23-04-2025,1005,89.58,2.08,5.19,0.85,Preventive,536,0,Charlie,Routine check
28-09-2024,1013,69.84,1.8,4.67,0.99,Corrective,930,0,Bob,Adjusted settings
27-03-2025,1017,73.01,1,3.54,4.43,Corrective,467,0,David,Routine check
27-07-2025,1018,78,0.97,6.16,3.36,Corrective,444,0,Bob,Replaced part
22-11-2024,1008,77.82,2.29,5.42,2.51,Preventive,259,0,Bob,Routine check
15-05-2025,1013,82.47,2.13,5.25,0.57,Corrective,649,1,David,Adjusted settings
25-11-2024,1019,71.21,2.22,4.61,4.82,Preventive,761,1,Alice,Routine check
22-11-2024,1003,63.61,2.07,4.43,0.34,Preventive,919,0,Charlie,Replaced part
17-12-2024,1008,61.86,2.11,3.74,1.97,Preventive,640,1,Bob,Routine check
07-12-2024,1002,69.21,2.48,6.4,0.06,Preventive,243,0,Charlie,Adjusted settings
08-03-2025,1008,65.48,2.22,3.94,2.06,Preventive,687,0,Bob,Replaced part
04-07-2025,1013,71.96,2.52,5.31,0.65,Corrective,756,0,David,Adjusted settings
16-12-2024,1013,88.08,2.09,7.49,1.19,Preventive,840,0,Alice,Routine check
07-11-2024,1001,71.23,1.85,4.5,0.85,Corrective,675,0,Charlie,Emergency fix
29-03-2025,1006,71.22,2.1,6.44,0.38,Preventive,958,0,Bob,Adjusted settings
28-05-2025,1019,74.84,1.58,5.85,1.95,Preventive,444,0,David,Routine check
30-04-2025,1016,70.94,1.81,5.47,4.27,Preventive,368,0,David,Emergency fix
04-02-2025,1008,74.33,2.09,5.65,6.39,Preventive,939,0,Bob,Emergency fix
16-08-2025,1001,80.41,2.08,4.86,0.43,Corrective,795,1,Bob,Replaced part
04-03-2025,1016,83.85,1.95,5.05,2.53,Preventive,872,0,Bob,Emergency fix
08-04-2025,1009,85.03,1.31,4.18,2.18,Preventive,367,0,Alice,Adjusted settings
17-02-2025,1013,95.57,2.32,5.06,0.84,Corrective,268,0,Bob,Adjusted settings
01-12-2024,1011,80.69,2.42,4.12,0.04,Preventive,870,0,Bob,Emergency fix
29-09-2024,1013,97.34,2.82,6.51,2.34,Preventive,838,0,Alice,Routine check
28-11-2024,1010,67.24,2.22,2.45,5.82,Preventive,132,0,David,Adjusted settings
23-01-2025,1004,95.91,2,5.72,2,Preventive,476,0,Bob,Adjusted settings
22-01-2025,1006,71.2,1.49,5.5,1.14,Corrective,313,0,Charlie,Replaced part
02-03-2025,1007,72.18,2.75,5.37,1.49,Corrective,661,0,David,Routine check
05-04-2025,1005,73.8,2.12,6.54,0.45,Preventive,539,0,Charlie,Emergency fix
30-09-2024,1011,72.81,2.1,4.57,2.78,Preventive,591,0,Bob,Routine check
19-05-2025,1013,75.86,1.87,5.38,2.74,Corrective,492,0,Alice,Replaced part
23-02-2025,1019,69.2,1.84,2.43,0.31,Corrective,588,0,Alice,Replaced part
06-09-2024,1010,83.3,2.34,4.38,4.21,Preventive,821,0,Alice,Routine check
30-05-2025,1010,69.47,1.49,6.28,0.63,Corrective,128,0,Bob,Replaced part
29-03-2025,1011,81.56,2.81,2.99,8.06,Corrective,138,1,Bob,Replaced part
14-08-2025,1007,90.28,2.7,5.24,0.97,Corrective,958,0,Charlie,Replaced part
20-08-2025,1018,71.43,1.82,3.98,0.39,Corrective,711,0,Alice,Routine check
06-06-2025,1004,82.94,1.57,4.83,0.87,Preventive,272,0,Bob,Replaced part
24-05-2025,1002,80.59,0.99,4.07,1.16,Preventive,116,0,David,Emergency fix
25-10-2024,1014,97.53,1.37,3.13,0.14,Corrective,155,0,Bob,Emergency fix
16-11-2024,1013,69.95,2.36,5.58,1.73,Corrective,325,1,Bob,Adjusted settings
29-03-2025,1012,82.95,2.16,4.93,1.82,Corrective,657,1,David,Emergency fix
01-08-2025,1007,58.74,2.25,5.92,2.69,Preventive,166,0,Alice,Adjusted settings
27-02-2025,1002,70.04,1.08,6.19,0.06,Corrective,296,0,David,Routine check
12-09-2024,1013,78.53,1.8,6.84,1.56,Preventive,753,0,Alice,Replaced part
17-02-2025,1014,88.93,2.68,5.2,0.11,Preventive,934,0,David,Emergency fix
02-12-2024,1017,62.74,1.95,6.9,2.42,Corrective,122,0,Charlie,Adjusted settings
14-04-2025,1009,82.86,1.36,3.54,0.11,Corrective,705,0,Alice,Routine check
08-11-2024,1017,74.37,1.94,6.36,4.85,Corrective,853,0,Bob,Adjusted settings
16-05-2025,1008,59.78,1.61,5.69,2.42,Preventive,336,0,Charlie,Replaced part
04-06-2025,1002,76.82,2.17,5.35,1.42,Preventive,665,0,Alice,Emergency fix
18-03-2025,1013,92.09,2.01,5.67,1.17,Corrective,237,0,Alice,Routine check
04-04-2025,1003,63.8,2.27,3.56,0.28,Preventive,572,0,Alice,Adjusted settings
15-10-2024,1016,73.9,1.39,3.2,0.69,Corrective,944,0,David,Routine check
29-07-2025,1006,65.13,1.78,7.56,4.06,Preventive,883,1,Alice,Adjusted settings
15-01-2025,1019,70.31,2.55,4.75,4.7,Preventive,652,0,Bob,Adjusted settings
01-11-2024,1007,89.32,1.32,4.73,0,Preventive,709,0,Alice,Replaced part
01-12-2024,1010,72.28,1.5,3.35,1.8,Preventive,794,0,Bob,Replaced part
18-09-2024,1009,89.02,2.1,2.78,2.54,Preventive,739,0,Bob,Adjusted settings
16-10-2024,1002,86.09,2.14,4.87,1.93,Preventive,328,0,Bob,Emergency fix
22-01-2025,1015,71.37,1.76,4.49,0.17,Preventive,416,0,Charlie,Routine check
15-01-2025,1005,69.97,1.86,5,0.49,Preventive,697,1,Bob,Routine check
20-10-2024,1004,66.04,2.27,5.13,0.58,Corrective,867,0,David,Replaced part
02-10-2024,1004,65.69,2.42,8.73,3.56,Corrective,820,0,Alice,Emergency fix
11-12-2024,1018,78.53,1.47,4.49,1.24,Preventive,826,0,David,Adjusted settings
21-02-2025,1004,74.8,2.18,7.37,1.33,Preventive,985,1,Charlie,Replaced part
05-10-2024,1017,68.76,2.76,7.46,5.46,Preventive,711,0,Alice,Adjusted settings
26-02-2025,1012,59.51,1.94,6.13,2.03,Preventive,660,1,Bob,Adjusted settings
04-04-2025,1017,76.06,1.46,4.65,4.58,Preventive,300,1,Alice,Replaced part
24-12-2024,1010,70.3,1.44,2.96,1.22,Preventive,357,0,Charlie,Emergency fix
04-01-2025,1001,73.05,1.92,5.72,0.32,Preventive,579,1,Charlie,Routine check
03-02-2025,1018,78.05,2.52,6.53,5.32,Preventive,987,1,David,Replaced part
27-03-2025,1018,49.98,1.98,7.62,1.23,Corrective,277,0,Alice,Emergency fix
02-04-2025,1014,59.67,2.09,3.58,0.4,Corrective,856,0,Alice,Adjusted settings
16-04-2025,1015,97.96,1.5,4.63,0.72,Preventive,222,0,Alice,Replaced part
21-07-2025,1012,69.93,2.49,3.58,0.1,Corrective,441,0,David,Routine check
17-01-2025,1004,49.83,1.43,4.05,1.26,Preventive,270,0,Charlie,Routine check
20-04-2025,1003,60.5,1.75,6,3.84,Corrective,944,0,Bob,Adjusted settings
08-11-2024,1012,99.84,2.31,3.98,5.42,Corrective,747,0,Alice,Replaced part
02-09-2024,1007,67.97,0.98,3.76,5.39,Preventive,158,0,David,Routine check
06-11-2024,1011,86.59,2.09,6.2,0.27,Preventive,804,0,David,Replaced part
04-05-2025,1001,76.21,1.48,5.68,0.96,Corrective,564,1,Bob,Routine check
11-04-2025,1006,70.15,2.01,5.53,0.06,Preventive,879,0,Charlie,Adjusted settings
31-08-2024,1015,82.75,1.82,4.02,3.86,Preventive,359,0,Alice,Adjusted settings
14-02-2025,1015,51.16,3.05,6.94,0.89,Preventive,472,0,Alice,Replaced part
12-01-2025,1019,60.59,1.8,5.02,1.99,Corrective,194,0,David,Emergency fix
08-02-2025,1011,70.08,2.92,8.57,2.51,Preventive,224,1,Charlie,Emergency fix
10-02-2025,1002,61.57,2.29,5.24,1.12,Preventive,140,0,Alice,Adjusted settings
03-06-2025,1014,69.19,1.6,1.5,0.73,Corrective,990,0,Bob,Routine check
24-12-2024,1002,83.54,2.17,1.43,6.55,Preventive,353,1,Charlie,Emergency fix
06-03-2025,1004,76.32,1.85,5.94,6.68,Preventive,106,1,Charlie,Adjusted settings
29-08-2024,1017,88.31,2.12,6.95,0.68,Preventive,570,0,David,Routine check
22-09-2024,1003,76.95,1.64,3.82,1.31,Preventive,827,0,David,Routine check
05-02-2025,1013,84.92,2.85,8.15,7.21,Corrective,610,0,Alice,Emergency fix
29-07-2025,1009,74.36,2.46,7.49,0.01,Corrective,680,0,David,Adjusted settings
07-01-2025,1007,69.1,2.02,5.32,1.06,Preventive,168,0,Charlie,Routine check
24-08-2025,1015,89.81,2.86,5.81,0.21,Preventive,180,0,Alice,Routine check
11-07-2025,1011,67.91,2.04,6.34,1.42,Preventive,641,1,Alice,Replaced part
01-08-2025,1002,78.44,2.55,7.83,0.05,Preventive,684,0,Charlie,Replaced part
16-01-2025,1015,82.69,2.02,6.02,1.04,Corrective,361,0,Alice,Emergency fix
17-07-2025,1014,83.41,2.2,5.28,0.5,Corrective,188,1,Bob,Replaced part
29-03-2025,1011,63.35,1.96,6.01,1.52,Preventive,307,0,Bob,Adjusted settings
21-06-2025,1003,85.52,2.05,5.81,11.04,Corrective,312,1,Alice,Emergency fix
03-01-2025,1017,65.21,2.09,6.39,3.22,Preventive,933,1,David,Emergency fix
12-06-2025,1012,83.11,1.67,2.64,3.74,Corrective,365,0,Bob,Replaced part
02-11-2024,1015,80.35,1.8,5.47,2.02,Preventive,392,0,Alice,Routine check
03-05-2025,1016,83.19,1.89,5.69,0.08,Corrective,306,0,Bob,Adjusted settings
26-05-2025,1005,62.95,2.11,4.89,0.46,Preventive,432,0,David,Adjusted settings
23-08-2025,1006,80.88,1.98,6.18,5.18,Preventive,176,0,Charlie,Adjusted settings
22-02-2025,1019,85.86,2.59,7.88,0.91,Corrective,387,0,Alice,Emergency fix
07-02-2025,1005,76.93,2.42,5.21,0.22,Corrective,146,1,Alice,Adjusted settings
23-11-2024,1003,66.81,1.9,6.04,2.42,Corrective,721,0,Alice,Routine check
14-03-2025,1001,84.2,2.69,7.41,0.71,Preventive,299,0,Alice,Routine check
05-08-2025,1006,76.14,2.94,5.24,0.63,Corrective,526,0,Alice,Replaced part
12-09-2024,1015,58.26,0.98,3.67,12.41,Preventive,309,0,Alice,Adjusted settings
02-10-2024,1002,66.04,2.47,5.92,3.91,Preventive,987,1,David,Emergency fix
28-12-2024,1003,69.74,1.65,1.7,1.05,Preventive,519,0,Charlie,Replaced part
13-02-2025,1017,90.06,2.4,1.55,7.85,Corrective,253,0,David,Routine check
12-01-2025,1012,88.3,2.62,5.5,2.1,Preventive,621,0,David,Adjusted settings
23-04-2025,1018,88.27,1.56,1.48,2.71,Corrective,514,0,Charlie,Routine check
01-04-2025,1015,77.32,1.07,3.03,0.06,Preventive,452,0,David,Replaced part
28-12-2024,1012,84.14,2.42,4.43,0.26,Preventive,256,0,Bob,Routine check
21-10-2024,1016,63.59,2.07,3.92,2.01,Preventive,360,0,David,Adjusted settings
19-01-2025,1008,75.07,1.17,4.78,4.59,Preventive,176,1,Alice,Adjusted settings
07-07-2025,1014,79.52,3.26,6.67,1.95,Corrective,868,1,Bob,Replaced part
20-08-2025,1017,64.25,2.31,5.36,0.29,Corrective,587,0,Bob,Adjusted settings
25-08-2024,1008,77.1,2.34,3.74,0.25,Preventive,230,1,Charlie,Routine check
07-08-2025,1015,91.87,2.68,7.03,3.72,Corrective,678,0,David,Routine check
02-03-2025,1014,80.59,1.71,2.86,0.3,Preventive,554,0,David,Emergency fix
03-03-2025,1018,84.18,2.07,5.33,1.47,Preventive,839,0,Bob,Emergency fix
02-07-2025,1007,50.48,1.34,2.69,0.08,Preventive,262,0,David,Emergency fix
19-12-2024,1003,90.58,1.7,5.38,0.17,Preventive,114,0,David,Routine check
05-01-2025,1012,73.14,2.19,4.52,2.23,Preventive,331,0,Charlie,Routine check
21-10-2024,1003,67.31,1.17,6.62,2.34,Preventive,294,0,Bob,Replaced part
07-10-2024,1014,73.25,1.68,6.08,0.84,Preventive,960,0,Alice,Emergency fix
13-02-2025,1015,60.15,1.54,4.12,0.49,Preventive,641,0,Bob,Routine check
31-01-2025,1014,85.48,2.07,3.83,3.36,Corrective,458,0,Charlie,Replaced part
13-02-2025,1007,71.65,2.29,4.53,0.49,Corrective,949,1,Charlie,Routine check
07-07-2025,1017,67.61,2.37,7.81,1.56,Preventive,430,0,Charlie,Replaced part
23-06-2025,1012,73.32,2.5,7.43,6.9,Preventive,526,0,David,Emergency fix
20-01-2025,1004,86.18,2.69,3.55,0.32,Preventive,596,0,Bob,Emergency fix
12-11-2024,1009,76.31,2.3,6.2,5.66,Corrective,927,0,David,Emergency fix
25-03-2025,1006,60.9,2.94,2.4,0.4,Corrective,585,0,David,Routine check
15-03-2025,1016,79.65,2.06,4.33,1.68,Corrective,907,0,Bob,Routine check
03-05-2025,1002,65.71,1.91,3.61,0.95,Corrective,548,1,Charlie,Replaced part
10-04-2025,1008,53.44,2.3,6.6,6.7,Corrective,512,0,Alice,Adjusted settings
04-02-2025,1011,89.96,1.89,3.06,0.64,Preventive,429,1,Alice,Adjusted settings
08-04-2025,1013,79.57,2.93,5.64,1.02,Preventive,831,0,Bob,Emergency fix
18-01-2025,1017,74.22,2.57,5,8.13,Preventive,988,0,Bob,Adjusted settings
13-09-2024,1008,71.54,2.38,4.74,1.54,Corrective,246,1,Charlie,Emergency fix
10-10-2024,1018,88.97,2.07,7.51,1.4,Corrective,358,0,Bob,Replaced part
14-04-2025,1018,105.87,1.8,7.64,0.6,Preventive,391,0,Bob,Adjusted settings
25-06-2025,1014,79.49,2.35,4.78,2.42,Preventive,910,0,Charlie,Adjusted settings
07-09-2024,1015,64.7,1.44,4.48,0.03,Corrective,242,1,Charlie,Emergency fix
14-01-2025,1006,73.46,2.77,2.74,0.1,Preventive,846,0,David,Replaced part
25-08-2024,1011,79.31,1.91,4.99,1.83,Corrective,726,0,Bob,Adjusted settings
17-10-2024,1013,51.5,2.15,7.93,0.84,Preventive,464,0,Alice,Adjusted settings
10-05-2025,1001,78.34,1.55,4.81,6.13,Preventive,189,1,Bob,Adjusted settings
15-01-2025,1006,79.36,2.36,6.09,4.67,Corrective,819,0,Alice,Replaced part
05-09-2024,1009,88.26,1.77,2.9,2.5,Preventive,263,0,Alice,Replaced part
20-07-2025,1008,87.22,2.32,4.35,3.41,Corrective,580,0,Alice,Adjusted settings
05-04-2025,1011,76.11,2.38,5.69,2.2,Preventive,183,0,David,Emergency fix
23-05-2025,1019,90.15,1.68,5.16,0.27,Preventive,176,0,Charlie,Emergency fix
17-08-2025,1009,95.36,1.44,6.24,2.9,Preventive,772,0,Charlie,Adjusted settings
27-01-2025,1017,75.28,2.77,4.1,0.47,Preventive,616,0,David,Replaced part
01-09-2024,1012,79.18,1.9,2.38,0.78,Preventive,584,0,Charlie,Adjusted settings
24-12-2024,1014,57.33,2.11,6.68,3.42,Corrective,689,1,David,Replaced part
07-08-2025,1015,60.49,2.24,3.6,1.54,Preventive,702,0,Bob,Adjusted settings
04-02-2025,1016,66.62,1.37,5.76,3.93,Corrective,698,1,David,Replaced part
22-11-2024,1001,70.56,2.23,5.68,0.48,Corrective,881,0,Charlie,Routine check
07-01-2025,1010,64.04,2.05,2.5,1.87,Preventive,203,1,Charlie,Emergency fix
26-02-2025,1008,74.64,1.68,6.57,0.18,Corrective,551,0,Bob,Routine check
06-07-2025,1018,70.86,1.42,4.15,2.06,Corrective,586,0,David,Emergency fix
18-02-2025,1001,85.71,2.3,5.08,2.88,Preventive,438,1,Bob,Replaced part
21-09-2024,1002,70.25,2.56,4.46,1.76,Corrective,786,1,Alice,Routine check
01-04-2025,1001,52.13,2.09,7.43,0.62,Preventive,665,0,David,Emergency fix
16-08-2025,1001,76.26,1.28,7.02,0.06,Corrective,999,0,Bob,Adjusted settings
04-10-2024,1009,74.86,1.47,2.28,0.25,Corrective,577,0,Bob,Replaced part
09-04-2025,1013,66.38,1.78,8.39,1.95,Corrective,822,0,Charlie,Replaced part
04-03-2025,1001,75.95,2.78,3.98,5.45,Preventive,706,0,David,Adjusted settings
16-01-2025,1013,64.25,1.88,8.15,0.46,Preventive,322,0,Alice,Adjusted settings
13-03-2025,1007,78.3,1.77,4.62,2.66,Corrective,108,1,Alice,Emergency fix
24-03-2025,1002,101.33,1.16,4.49,4.03,Corrective,152,0,David,Replaced part
01-04-2025,1006,56.94,1.67,4.63,1.47,Preventive,176,0,David,Emergency fix
21-04-2025,1007,69.84,1.38,4.4,2.21,Corrective,817,0,Bob,Adjusted settings
09-10-2024,1014,68.23,1.5,8.79,3.37,Preventive,602,0,Charlie,Replaced part
28-09-2024,1018,70.67,2.06,4.89,0.6,Corrective,415,0,Charlie,Adjusted settings
04-05-2025,1015,85.2,1.8,4.55,0.7,Preventive,913,0,Charlie,Emergency fix
14-11-2024,1002,80.43,2.85,5.12,0,Corrective,921,0,David,Emergency fix
07-05-2025,1010,83.49,2.54,3.55,6.6,Preventive,941,1,Charlie,Emergency fix
09-03-2025,1012,75.3,1.7,7.4,4.99,Preventive,723,0,Bob,Replaced part
23-06-2025,1017,61.78,1.54,2.79,2.89,Preventive,962,0,David,Adjusted settings
03-09-2024,1008,63.85,2.69,4.08,0.16,Corrective,264,0,David,Adjusted settings
02-07-2025,1011,82.46,2.83,6.4,1.19,Preventive,378,1,Charlie,Emergency fix
06-06-2025,1003,76.71,0.9,5.06,0.21,Preventive,126,0,Alice,Emergency fix
23-04-2025,1006,87.6,2.05,5.82,0.03,Corrective,169,0,Alice,Emergency fix
02-05-2025,1009,77.93,1.87,7.3,1.92,Corrective,317,0,Bob,Emergency fix
24-08-2025,1006,63.17,2.32,6.51,6.48,Preventive,464,1,Charlie,Routine check
29-08-2024,1009,69.78,2.97,5.21,4.66,Corrective,800,0,Charlie,Routine check
21-12-2024,1007,80.65,1.76,8.13,2.39,Preventive,944,0,David,Routine check
09-06-2025,1009,82.1,0.97,4.06,0.2,Preventive,405,1,David,Emergency fix
28-10-2024,1018,83.55,2.29,4.85,0.64,Preventive,223,0,Charlie,Emergency fix
17-01-2025,1012,64.51,2.69,4.95,0.77,Preventive,118,0,David,Adjusted settings
05-04-2025,1008,62.99,1.85,4.85,2.88,Preventive,356,0,Charlie,Replaced part
20-04-2025,1008,73.1,1.65,3.4,3.24,Corrective,395,0,Bob,Adjusted settings
17-02-2025,1018,89.4,1.78,2.62,0.97,Preventive,121,0,David,Routine check
18-05-2025,1015,68.06,2.43,5.63,1.08,Corrective,979,0,Charlie,Adjusted settings
31-07-2025,1007,79.55,1.77,4.05,0.09,Preventive,549,0,David,Emergency fix
02-06-2025,1011,79.55,2.16,7.86,0.68,Preventive,651,0,Bob,Routine check
26-10-2024,1016,82.61,2.01,4.89,1.2,Corrective,649,1,David,Routine check
29-03-2025,1004,91.64,1.96,4.62,0.25,Preventive,147,0,Charlie,Replaced part
01-08-2025,1006,90.62,2.35,6.64,1.21,Corrective,794,0,David,Replaced part
05-07-2025,1003,69.05,1.76,5.6,3.84,Preventive,686,0,David,Routine check
03-06-2025,1009,54.02,1.78,4.74,1.74,Preventive,820,0,Charlie,Routine check
17-02-2025,1010,68.21,2.4,4.04,0.16,Preventive,282,0,Alice,Adjusted settings
30-11-2024,1014,75.76,1.51,10.49,0.43,Corrective,534,0,David,Routine check
07-12-2024,1011,71.38,1.56,5.54,1.29,Preventive,206,1,David,Emergency fix
01-12-2024,1018,94.68,1.37,6.63,0.9,Preventive,287,0,Bob,Adjusted settings
01-07-2025,1012,75.19,2.42,3.47,0.89,Corrective,875,1,Alice,Emergency fix
30-08-2024,1012,81.54,1.95,4.13,1.51,Preventive,185,1,Bob,Emergency fix
09-03-2025,1013,77.17,1.34,8.17,1.76,Corrective,935,0,Charlie,Emergency fix
10-08-2025,1013,71.53,2.43,7.1,3.19,Preventive,942,0,Charlie,Routine check
04-01-2025,1019,55.75,1.72,5.69,0.83,Preventive,555,1,Bob,Replaced part
17-08-2025,1019,74.21,1.56,4.43,3.27,Preventive,236,1,David,Replaced part
10-05-2025,1014,107.55,1.9,4.65,0.83,Preventive,957,0,Alice,Emergency fix
16-09-2024,1004,62.56,2.74,3.99,0.11,Preventive,997,0,Bob,Routine check
16-10-2024,1013,56.85,1.8,3.26,1.62,Preventive,435,0,Bob,Adjusted settings
05-02-2025,1008,94.36,2.29,6.39,1.77,Corrective,706,1,Charlie,Emergency fix
14-03-2025,1019,82.42,2.36,5.81,5.45,Corrective,937,0,David,Adjusted settings
15-11-2024,1012,76.87,2.22,6.1,2.59,Preventive,856,0,Alice,Adjusted settings
16-01-2025,1018,88.63,2.64,4.49,5,Preventive,568,1,Bob,Routine check
17-11-2024,1006,66.68,1.65,5.38,4.78,Preventive,701,0,Alice,Routine check
10-11-2024,1018,73.93,1.48,4.35,1.86,Corrective,670,0,Alice,Replaced part
25-08-2024,1019,84.55,1.47,3.91,1.5,Corrective,502,0,Bob,Replaced part
14-10-2024,1005,96.1,1.93,7.5,1.63,Corrective,639,1,Alice,Routine check
13-02-2025,1009,63.31,1.53,5.18,7.66,Preventive,171,0,Charlie,Emergency fix
17-03-2025,1003,87.81,2.07,5.76,2.97,Preventive,881,0,David,Replaced part
11-05-2025,1010,78.82,2.04,6.25,0.22,Corrective,123,0,David,Adjusted settings
08-06-2025,1019,76.63,2.51,5.2,3.01,Corrective,723,0,David,Emergency fix
27-09-2024,1003,74.92,2.15,5.36,0.37,Preventive,911,0,Charlie,Adjusted settings
07-08-2025,1015,61.15,1.79,3.37,1.19,Corrective,584,0,Charlie,Routine check
27-11-2024,1001,84.63,2.21,3.66,0.47,Preventive,155,0,Charlie,Adjusted settings
04-11-2024,1007,67.18,1.48,3.58,2.34,Corrective,322,1,David,Emergency fix
02-10-2024,1012,64.2,1.98,5.91,4.2,Preventive,731,1,Alice,Routine check
25-01-2025,1017,83.85,2.16,5.11,0.69,Preventive,278,0,Charlie,Emergency fix
01-05-2025,1005,82.89,2.06,3.66,0.17,Preventive,899,0,Bob,Adjusted settings
02-02-2025,1004,75.79,2.21,5.87,0.71,Corrective,533,0,Charlie,Emergency fix
20-12-2024,1012,85.8,1.68,5.82,2.23,Corrective,549,1,Bob,Routine check
10-05-2025,1018,89.26,2.58,3.96,0.8,Preventive,892,0,David,Adjusted settings
26-06-2025,1017,88.08,2.91,4.96,0.65,Preventive,983,0,Bob,Adjusted settings
19-05-2025,1019,69.72,1.2,5.82,0.41,Corrective,591,0,Charlie,Replaced part
17-10-2024,1009,85.14,1.39,3.71,1.38,Corrective,288,0,Charlie,Replaced part
17-04-2025,1004,77.12,2.02,5.85,0.65,Preventive,677,0,Alice,Emergency fix
03-04-2025,1002,92.26,1.87,5.45,2.63,Preventive,909,0,David,Replaced part
02-05-2025,1004,73.76,2.95,3.5,0.16,Corrective,519,0,Bob,Replaced part
03-07-2025,1002,71.44,2.11,5.33,2.18,Corrective,348,0,David,Replaced part
14-12-2024,1015,68.86,2.7,5.55,0.54,Preventive,687,0,Charlie,Replaced part
06-05-2025,1002,76.89,0.98,4.06,1.34,Preventive,748,0,Alice,Routine check
23-06-2025,1004,79.67,2.41,4.18,0.67,Preventive,263,0,Charlie,Routine check
19-03-2025,1006,79.86,1.64,3.49,2.57,Preventive,844,0,Charlie,Replaced part
10-04-2025,1007,78.49,1.63,4.33,5.81,Corrective,354,0,Charlie,Emergency fix
31-07-2025,1010,81.71,1.88,4.98,4.98,Corrective,575,0,Bob,Routine check
29-10-2024,1019,72.77,1.29,4.18,1.75,Corrective,905,0,Charlie,Replaced part
07-11-2024,1019,66.27,2.22,2.77,1.24,Preventive,516,0,David,Routine check
05-12-2024,1012,65.4,2.1,3.97,3.41,Preventive,269,0,David,Adjusted settings
04-03-2025,1003,84.75,2.13,4.37,2.3,Corrective,416,0,Alice,Routine check
03-05-2025,1013,79.7,2.44,6.23,0.41,Preventive,273,1,David,Routine check
07-04-2025,1018,56.44,2.76,5.89,3.44,Corrective,569,0,Charlie,Emergency fix
14-06-2025,1008,85.97,1.82,6.25,1.12,Preventive,444,0,Charlie,Routine check
26-06-2025,1015,93.8,2.24,3.89,0.42,Preventive,544,0,David,Emergency fix
30-11-2024,1001,67.84,2.15,5.21,0.66,Corrective,117,0,Alice,Adjusted settings
28-07-2025,1003,78.36,2.19,1.37,0.62,Corrective,169,0,Alice,Replaced part
06-06-2025,1008,70.27,2.2,5.64,1.46,Preventive,437,0,David,Emergency fix
25-07-2025,1004,81.28,2.8,5.92,0.53,Preventive,727,0,Bob,Routine check
06-08-2025,1016,63.34,1.77,4.47,0.26,Preventive,691,0,Bob,Routine check
28-06-2025,1010,74.29,1.24,5.44,0.26,Preventive,626,0,Bob,Emergency fix
30-04-2025,1012,84.81,1.65,2.73,1.75,Preventive,787,1,Bob,Adjusted settings
06-02-2025,1014,87.36,2.38,3.8,2.65,Corrective,555,1,David,Replaced part
25-07-2025,1014,79.26,2.01,6.15,0.78,Corrective,368,0,Alice,Routine check
23-09-2024,1002,71.61,1.77,5.77,0.07,Preventive,730,0,Charlie,Adjusted settings
28-04-2025,1005,59.07,1.46,4.38,0.27,Corrective,910,0,Charlie,Replaced part
08-12-2024,1005,67.42,2.11,6.22,4.92,Preventive,287,0,David,Replaced part
14-10-2024,1006,70.31,2.32,5.21,1.36,Corrective,668,0,Charlie,Routine check
13-11-2024,1013,68.02,2.15,4.24,1.21,Corrective,810,0,Bob,Emergency fix
04-01-2025,1009,75.6,1.87,4.73,0.08,Corrective,628,0,Alice,Routine check
05-06-2025,1015,71.58,2.07,4.32,2.61,Preventive,533,0,David,Routine check
09-01-2025,1014,76.72,2.07,3.22,1.5,Corrective,387,0,Alice,Routine check
24-02-2025,1007,87.03,2.09,6.89,0.45,Preventive,666,0,David,Adjusted settings
20-07-2025,1002,70.94,1.41,4.15,0.23,Preventive,598,1,David,Emergency fix
24-05-2025,1007,61.17,2.1,3.75,0.97,Preventive,540,0,David,Adjusted settings
30-07-2025,1006,67.98,1.78,2.71,3.63,Preventive,880,0,David,Routine check
01-11-2024,1017,80.84,2.52,1.05,4.01,Corrective,402,0,Alice,Emergency fix
27-09-2024,1002,81.78,2.07,6.05,1.85,Preventive,186,0,Charlie,Replaced part
13-05-2025,1003,79.06,2.42,6.19,2.6,Corrective,929,0,David,Emergency fix
16-10-2024,1005,88.01,1.85,6.79,0.24,Preventive,537,0,Bob,Routine check
17-03-2025,1005,73.14,1.87,4.78,1.77,Corrective,640,0,David,Emergency fix
28-12-2024,1001,95.52,2.75,4.52,2.2,Preventive,121,0,Alice,Replaced part
16-04-2025,1008,83.18,2.22,4.24,0.45,Preventive,932,0,David,Replaced part
06-10-2024,1012,49.77,1.64,4.38,4.24,Preventive,896,0,Bob,Emergency fix
21-04-2025,1004,93.01,2.45,6.68,0.43,Preventive,659,0,Alice,Replaced part
13-12-2024,1013,67.33,1.73,4.96,0.75,Preventive,616,0,David,Adjusted settings
30-04-2025,1015,64.66,2.11,5.57,1.94,Corrective,861,0,Bob,Emergency fix
22-01-2025,1011,80.24,2.92,4.34,2.03,Preventive,774,0,Alice,Replaced part
23-02-2025,1010,57.62,1.28,6.98,2.4,Corrective,602,1,David,Replaced part
26-07-2025,1003,68.05,1.91,2.14,0.24,Preventive,813,0,Bob,Emergency fix
27-11-2024,1014,90.57,2.2,3.17,3.79,Preventive,566,0,Alice,Adjusted settings
01-09-2024,1016,80.56,2.38,5.57,1.52,Preventive,200,0,David,Emergency fix
19-08-2025,1010,83.12,1.38,7.63,1.27,Preventive,682,1,Alice,Replaced part
24-02-2025,1010,68.43,1.23,4.66,7.94,Preventive,774,1,Bob,Emergency fix
01-06-2025,1012,59.62,2.55,3.74,2.7,Preventive,784,0,David,Replaced part
07-03-2025,1009,82.07,1.64,6.5,0.25,Corrective,240,0,David,Routine check
11-08-2025,1001,84.3,1.62,5.49,2.83,Preventive,237,0,David,Emergency fix
07-03-2025,1005,83.85,2.78,6.94,0.2,Preventive,677,0,Bob,Emergency fix
26-01-2025,1008,77.09,2.03,3.06,0.06,Preventive,809,0,Charlie,Replaced part
25-11-2024,1011,65.33,2.04,6.82,1.03,Preventive,939,0,David,Replaced part
31-01-2025,1012,99.38,1.91,2.68,10.1,Corrective,327,0,Bob,Replaced part
24-10-2024,1001,79.8,1.39,4.57,0.38,Corrective,380,0,Alice,Replaced part
24-12-2024,1011,73.26,2.34,5.62,2.23,Preventive,783,1,Alice,Emergency fix
14-10-2024,1005,73.31,2.2,5.28,0.38,Corrective,927,0,Bob,Replaced part
28-05-2025,1015,76.5,2.08,6.59,2.58,Corrective,530,0,Charlie,Emergency fix
29-08-2024,1005,85.7,1.94,2.26,1.41,Preventive,139,0,Bob,Adjusted settings
24-11-2024,1012,76.9,1.85,5.21,2.28,Preventive,618,1,Alice,Emergency fix
10-02-2025,1005,83.59,2.46,6.8,0.45,Preventive,785,1,Alice,Replaced part
07-07-2025,1017,76.51,1.93,5.09,2.74,Corrective,762,0,David,Replaced part
15-09-2024,1017,73.88,1.97,3.29,10.86,Preventive,310,0,Charlie,Adjusted settings
16-07-2025,1012,81.41,2.26,6.51,2.19,Corrective,401,1,Bob,Emergency fix
25-08-2024,1015,81.03,2.1,4.03,1.36,Preventive,185,0,Alice,Adjusted settings
04-01-2025,1015,73.3,2.82,3.76,5.13,Corrective,496,0,Alice,Emergency fix
14-04-2025,1006,67.51,1.12,3.57,0.03,Preventive,352,0,Alice,Replaced part
05-09-2024,1012,78.42,2.15,4.7,2.62,Preventive,632,0,Bob,Emergency fix
05-08-2025,1018,75.78,1.65,5.27,4.39,Preventive,868,0,Bob,Replaced part
09-10-2024,1014,69.45,1.53,3.1,0.13,Preventive,990,1,Charlie,Replaced part
27-09-2024,1002,66.58,1.77,3.4,1.2,Preventive,480,0,David,Routine check
10-11-2024,1009,79.1,2.03,3.96,0.46,Corrective,543,0,David,Routine check
30-03-2025,1005,80.5,2.05,3.57,1.67,Preventive,132,0,David,Emergency fix
21-06-2025,1001,71.4,1.24,5.06,2.1,Corrective,359,0,Alice,Replaced part
05-11-2024,1003,69.2,1.73,5.54,0.72,Preventive,333,0,David,Adjusted settings
02-06-2025,1006,66.7,2.14,5.34,1.23,Preventive,614,0,Alice,Replaced part
30-04-2025,1005,78.82,1.56,5.34,0.66,Corrective,958,0,Charlie,Adjusted settings
10-10-2024,1005,66.96,1.44,7.51,0.92,Preventive,407,0,Alice,Emergency fix
23-12-2024,1001,97.41,0.87,5.64,0.35,Corrective,838,0,Charlie,Emergency fix
26-03-2025,1017,70.9,1.67,6.18,4.34,Corrective,895,0,Charlie,Adjusted settings
20-04-2025,1019,50.75,1.43,4.38,0.02,Preventive,169,1,David,Adjusted settings
19-10-2024,1014,74.7,1.51,6.42,4.28,Preventive,553,0,David,Replaced part
09-08-2025,1012,74.27,1.86,4.31,1.7,Preventive,538,0,Alice,Emergency fix
09-12-2024,1010,86.12,1.7,5.62,0.81,Corrective,924,0,Bob,Replaced part
09-07-2025,1018,77.88,1.42,2.94,2.57,Corrective,463,0,David,Adjusted settings
11-10-2024,1011,66.66,0.94,5.25,1.42,Preventive,865,0,David,Routine check
24-10-2024,1002,72.14,2.15,3.54,1.38,Corrective,580,0,Bob,Routine check
27-07-2025,1018,78.27,2.38,6.4,0.23,Corrective,243,0,Bob,Routine check
19-09-2024,1007,53.35,1.8,6.31,0.99,Preventive,123,0,David,Adjusted settings
12-06-2025,1015,88.39,1.87,4.3,0.55,Preventive,524,0,Bob,Replaced part
08-05-2025,1011,66.69,2,8.07,0.03,Preventive,845,0,Alice,Emergency fix
01-09-2024,1018,89.17,2.79,4.57,0.89,Corrective,944,0,Charlie,Adjusted settings
15-12-2024,1012,78.92,1.22,2.58,0.19,Corrective,274,0,Charlie,Routine check
14-08-2025,1006,81.3,1.79,3.83,0.59,Corrective,943,0,David,Replaced part
04-05-2025,1013,86.49,1.14,3.43,0.19,Preventive,424,0,David,Emergency fix
20-02-2025,1016,80.73,2.18,5.57,0.21,Corrective,968,0,Alice,Emergency fix
19-03-2025,1018,81.73,1.93,3.15,0.44,Preventive,770,0,Bob,Adjusted settings
23-06-2025,1010,73.36,2.1,4.19,17.6,Preventive,959,0,David,Adjusted settings
29-12-2024,1008,78.72,2.08,5.47,0,Preventive,447,0,Charlie,Emergency fix
19-10-2024,1018,69.13,2.5,5.21,2.04,Preventive,897,1,Alice,Emergency fix
26-03-2025,1001,71.57,2.27,4.98,0.3,Corrective,117,1,Alice,Routine check
07-09-2024,1008,94.65,2.42,5.19,5.07,Corrective,143,0,Bob,Emergency fix
21-09-2024,1006,66.92,1.47,4.44,0.2,Preventive,254,0,David,Adjusted settings
10-11-2024,1005,76.54,2.6,2.59,6.2,Corrective,966,0,David,Replaced part
28-03-2025,1015,76.13,1.64,4.4,1.89,Preventive,476,0,Alice,Routine check
24-08-2025,1015,71.89,1.67,5.7,0,Preventive,842,0,Charlie,Routine check
25-01-2025,1002,80.14,2.14,4.79,4.49,Preventive,982,0,David,Emergency fix
07-09-2024,1001,80.9,2.15,5.59,1.48,Corrective,927,0,Charlie,Replaced part
27-02-2025,1011,65.74,1.46,4.12,0.61,Preventive,501,1,Alice,Routine check
02-07-2025,1010,76.01,1.91,6.49,2.92,Corrective,324,0,David,Adjusted settings
31-08-2024,1018,64.18,2.74,1.17,5.23,Preventive,316,1,Charlie,Emergency fix
27-08-2024,1018,82.89,1.27,5.21,1.32,Preventive,667,0,Alice,Adjusted settings
13-12-2024,1017,76.76,2.74,7.02,0.76,Preventive,130,0,Charlie,Emergency fix
19-04-2025,1008,75.82,1.88,7.25,3.11,Preventive,968,0,David,Routine check
22-08-2025,1015,81.59,0.83,4.65,2.29,Preventive,158,0,Bob,Emergency fix
20-04-2025,1008,72.24,1.32,3.01,4.39,Preventive,991,0,Charlie,Replaced part
25-05-2025,1017,84.14,1.52,7.05,2.36,Preventive,997,0,Bob,Adjusted settings
14-06-2025,1012,65.52,1.69,4.92,0.56,Corrective,452,0,David,Replaced part
08-04-2025,1008,89.12,1.95,4.76,5.37,Preventive,544,0,Bob,Adjusted settings
08-09-2024,1014,69.49,0.65,3.66,0.22,Preventive,334,1,Alice,Adjusted settings
04-03-2025,1004,58.04,2.09,3.13,0.62,Corrective,206,0,Bob,Emergency fix
21-12-2024,1001,71.71,1.47,5.85,1.47,Corrective,290,1,Charlie,Routine check
21-09-2024,1001,70.58,2.7,6,1.67,Corrective,629,0,Charlie,Routine check
14-03-2025,1019,71.64,1.86,5.3,0.03,Corrective,837,0,Bob,Replaced part
02-10-2024,1016,77.32,2.47,3.85,3.03,Preventive,778,0,Alice,Emergency fix
24-05-2025,1014,85.98,2.56,3.4,0.9,Preventive,682,0,David,Routine check
12-04-2025,1016,73.08,2.54,2.85,1.04,Preventive,973,1,Bob,Adjusted settings
18-11-2024,1005,68.08,1.72,4.16,3.31,Preventive,665,0,Charlie,Adjusted settings
28-12-2024,1009,63.73,1.71,3.49,0.95,Preventive,344,0,Charlie,Emergency fix
20-06-2025,1002,70.32,1.89,2.44,0.1,Corrective,961,0,Bob,Replaced part
18-09-2024,1018,56.12,2.32,5.98,0.39,Preventive,175,0,Bob,Emergency fix
16-01-2025,1006,67.75,1.74,3.02,6.24,Preventive,646,0,Bob,Replaced part
06-09-2024,1009,87.44,1.94,6.48,0.15,Preventive,366,0,David,Emergency fix
24-03-2025,1001,66.77,2.14,5.59,0.88,Corrective,416,0,Charlie,Adjusted settings
18-09-2024,1009,81.29,1.55,5.44,1.4,Preventive,911,0,Charlie,Emergency fix
31-10-2024,1016,62.74,1.52,7.5,1.36,Corrective,220,1,Charlie,Routine check
30-10-2024,1013,92.71,1.92,3.07,0.01,Preventive,935,0,David,Routine check
14-04-2025,1009,93.38,1.99,6.31,1.39,Corrective,124,0,Alice,Emergency fix
11-12-2024,1013,80.91,2.22,4.55,0.97,Preventive,531,0,Charlie,Replaced part
17-01-2025,1009,94.91,2.34,8.86,7.16,Corrective,259,0,Charlie,Replaced part
13-12-2024,1011,78.56,1.45,4.43,0.35,Corrective,695,0,Alice,Adjusted settings
09-04-2025,1004,82.69,1.59,4.19,0.87,Preventive,213,0,David,Adjusted settings
13-12-2024,1002,87.62,1.51,5.64,1.09,Corrective,834,0,Alice,Replaced part
27-09-2024,1006,76.8,2.71,4.69,0.99,Preventive,999,0,Alice,Emergency fix
13-12-2024,1014,59.48,1.94,3.86,2.19,Preventive,601,0,Alice,Adjusted settings
15-05-2025,1004,82.89,2.01,3.54,0.49,Preventive,265,0,Alice,Replaced part
17-04-2025,1006,70.28,2.03,7.19,0.5,Corrective,802,0,David,Replaced part
15-11-2024,1019,71.02,1.64,3.25,2.61,Preventive,274,0,David,Emergency fix
05-10-2024,1006,77.98,2.78,5.33,1.39,Preventive,100,1,Alice,Routine check
03-12-2024,1002,80.66,2.21,6.58,1.07,Preventive,998,0,Bob,Replaced part
30-08-2024,1018,76.5,2.02,6.66,0.37,Corrective,840,1,Bob,Adjusted settings
20-02-2025,1013,81.36,1.45,4.1,0.42,Preventive,185,0,Bob,Emergency fix
02-06-2025,1009,67.93,1.42,4.69,0.02,Preventive,673,0,Bob,Emergency fix
10-07-2025,1019,74.57,1.85,4.4,0.19,Corrective,419,0,Charlie,Emergency fix
07-04-2025,1013,83.49,1.65,2.7,1.63,Corrective,500,0,David,Routine check
05-07-2025,1011,92.73,1.47,5.81,4.45,Preventive,481,0,David,Routine check
24-08-2025,1001,96.26,1.81,5.06,0.68,Preventive,817,0,Alice,Adjusted settings
10-04-2025,1007,79.33,1.89,7.16,0.79,Preventive,716,1,Charlie,Adjusted settings
09-06-2025,1015,83.4,2.07,3.77,0.25,Preventive,417,0,Alice,Emergency fix
21-01-2025,1001,94.82,1.75,6.63,0.98,Corrective,902,0,Alice,Adjusted settings
28-05-2025,1012,68.29,1.5,6.74,0.08,Corrective,349,0,David,Replaced part
10-03-2025,1007,81.3,1.51,5.07,4.99,Preventive,624,0,Charlie,Routine check
02-11-2024,1015,82.68,2.61,1.74,2.24,Preventive,774,0,Bob,Emergency fix
14-12-2024,1019,89.48,1.37,4.23,9.37,Preventive,654,0,David,Emergency fix
28-08-2024,1001,63.63,2.18,7.68,4.29,Preventive,997,0,Charlie,Replaced part
09-08-2025,1017,65.61,2.26,5.45,1.28,Corrective,722,0,Charlie,Replaced part
21-07-2025,1017,75.21,1.94,6.04,1.47,Preventive,816,1,David,Replaced part
08-07-2025,1003,78.78,2.88,4.87,0.42,Preventive,995,0,David,Replaced part
09-08-2025,1012,86.23,2.25,4.66,1.24,Corrective,355,0,Alice,Emergency fix
27-11-2024,1006,80.18,2.92,2.2,4.67,Preventive,406,1,Alice,Routine check
23-01-2025,1011,73.49,1.67,6.19,0.1,Corrective,243,0,Alice,Routine check
01-07-2025,1003,79.16,1.68,6.62,3.98,Corrective,757,0,Bob,Replaced part
08-01-2025,1008,78.01,2.26,3.57,0.83,Preventive,490,0,David,Adjusted settings
28-04-2025,1014,92.45,1.87,4.73,4.6,Preventive,912,0,Charlie,Emergency fix
24-04-2025,1014,76.66,2.84,4.53,5.66,Preventive,775,0,David,Routine check
24-09-2024,1010,71.17,2.17,5.63,2.22,Corrective,268,0,Charlie,Replaced part
03-10-2024,1002,79.5,1.48,4.18,2.18,Corrective,397,0,Bob,Adjusted settings
10-04-2025,1014,76.98,1.13,6.4,1.21,Corrective,332,0,David,Adjusted settings
29-09-2024,1009,59.29,1.96,5.11,3.61,Corrective,370,0,Charlie,Replaced part
04-04-2025,1003,74.84,1.96,1.18,6.52,Corrective,159,1,Charlie,Emergency fix
30-08-2024,1008,73.99,2.16,5.66,2.98,Preventive,395,0,Alice,Routine check
12-07-2025,1016,69.56,2.61,6.49,1.95,Preventive,566,0,Bob,Adjusted settings
01-04-2025,1002,85.36,2.54,3.27,1.87,Preventive,334,0,David,Routine check
07-11-2024,1006,67.14,1.71,5.61,3.79,Preventive,776,1,Alice,Routine check
28-08-2024,1012,79.56,1.35,7.74,1.56,Preventive,805,0,Bob,Adjusted settings
25-07-2025,1005,73.52,1.38,5.17,3.26,Corrective,333,0,Alice,Replaced part
05-01-2025,1002,76.08,1.63,6.71,1.42,Corrective,467,1,David,Adjusted settings
20-12-2024,1016,79.12,1.82,4.34,0.13,Preventive,794,0,Charlie,Adjusted settings
26-11-2024,1005,61.92,2.15,4.97,0.97,Preventive,944,1,David,Emergency fix
25-10-2024,1015,76.92,1.6,4.69,1.18,Preventive,331,0,Bob,Routine check
06-03-2025,1012,97.89,2.14,4.42,0.31,Preventive,972,0,David,Replaced part
25-07-2025,1004,59.43,2.18,4.78,0.22,Preventive,590,1,Bob,Routine check
15-03-2025,1015,74.42,2.07,2.55,1.53,Preventive,718,0,Alice,Adjusted settings
19-09-2024,1011,86.23,1.44,4.5,0.18,Preventive,602,0,Bob,Replaced part
13-02-2025,1016,78.02,2.23,7.01,0.72,Corrective,989,0,Charlie,Replaced part
20-06-2025,1006,81.88,3.04,3.55,2.73,Preventive,834,1,Charlie,Replaced part
04-01-2025,1014,51.24,2.12,3.4,6.67,Preventive,691,0,Charlie,Replaced part
16-07-2025,1018,80.98,0.52,5.09,2.53,Corrective,845,0,Alice,Emergency fix
20-12-2024,1012,67.38,2.62,5.17,9.82,Preventive,480,0,Bob,Replaced part
14-07-2025,1011,78.1,1.65,5.57,2.4,Preventive,795,0,Alice,Adjusted settings
26-05-2025,1013,74.71,3.13,4.83,0.7,Preventive,527,0,David,Emergency fix
24-03-2025,1011,97.78,2.06,5.11,2.23,Preventive,796,0,David,Adjusted settings
06-04-2025,1016,80.47,1.16,4.47,2.42,Corrective,745,0,David,Adjusted settings
13-09-2024,1015,73.87,0.97,3.09,0.93,Preventive,831,0,David,Routine check
15-12-2024,1015,59.9,2.77,4.89,0.04,Preventive,899,0,Charlie,Replaced part
11-01-2025,1004,76.21,2.55,6.09,2.43,Preventive,463,0,Bob,Replaced part
10-10-2024,1011,83.23,3.11,5.77,0.04,Corrective,301,1,Charlie,Adjusted settings
25-08-2024,1019,74.19,2.01,2.38,1.99,Corrective,981,1,Bob,Replaced part
22-11-2024,1015,69.94,1.97,5.38,0.36,Preventive,245,0,Bob,Emergency fix
13-01-2025,1004,69.27,1.81,3.66,1.67,Corrective,935,0,Alice,Routine check
10-07-2025,1013,80.35,1.67,7.09,1.4,Corrective,738,0,David,Replaced part
01-10-2024,1019,82.59,1.8,5.49,0.03,Preventive,556,0,Bob,Replaced part
13-06-2025,1002,88.61,2.11,6.34,0.9,Preventive,234,0,David,Emergency fix
10-01-2025,1014,65.05,1.58,5.03,1.84,Preventive,725,0,David,Routine check
15-08-2025,1004,80.26,1.17,4.9,3.78,Corrective,363,0,David,Emergency fix
23-07-2025,1016,73.78,2.08,7.24,4.39,Preventive,163,1,Charlie,Adjusted settings
